cell	node	doublet
0	4	no
1	2	no
2	4	no
3	0	no
4	4	no
5	0	no
6	2	no
7	0	no
8	4	no
9	2	no
10	0	no
11	0	no
12	0	no
13	4	no
14	0	no
15	4	no
16	2	no
17	2	no
18	4	no
19	4	no
20	2	no
21	2	no
22	0	no
23	4	no
24	4	no
25	4	no
26	4	no
27	2	no
28	1	no
29	2	no
30	4	no
31	2	no
32	4	no
33	4	no
34	2	no
35	4	no
36	4	no
37	4	no
38	2	no
39	4	no
40	4	no
41	4	no
42	2	no
43	4	no
44	2	no
45	4	no
46	1	no
47	4	no
48	2	no
49	4	no
50	5	no
51	4	no
52	4	no
53	2	no
54	5	no
55	2	no
56	2	no
57	4	no
58	2	no
59	4	no
60	2	no
61	2	no
62	4	no
63	2	no
64	4	no
65	4	no
66	4	no
67	4	no
68	4	no
69	4	no
70	2	no
71	2	no
72	4	no
73	5	no
74	2	no
75	0	no
76	2	no
77	4	no
78	2	no
79	3	no
80	4	no
81	2	no
82	2	no
83	4	no
84	4	no
85	1	no
86	2	no
87	2	no
88	4	no
89	4	no
90	4	no
91	2	no
92	4	no
93	4	no
94	4	no
95	4	no
96	0	no
97	0	no
98	4	no
99	4	no
100	4	no
101	4	no
102	4	no
103	2	no
104	2	no
105	4	no
106	2	no
107	4	no
108	0	no
109	2	no
110	4	no
111	4	no
112	4	no
113	4	no
114	4	no
115	4	no
116	2	no
117	0	no
118	4	no
119	2	no
120	4	no
121	4	no
122	2	no
123	2	no
124	4	no
125	4	no
126	2	no
127	4	no
128	4	no
129	4	no
130	2	no
131	2	no
132	0	no
133	2	no
134	2	no
135	0	no
136	4	no
137	2	no
138	4	no
139	4	no
140	0	no
141	2	no
142	4	no
143	4	no
144	4	no
145	4	no
146	2	no
147	4	no
148	0	no
149	4	no
150	4	no
151	4	no
152	4	no
153	2	no
154	4	no
155	2	no
156	1	no
157	4	no
158	0	no
159	4	no
160	2	no
161	4	no
162	4	no
163	5	no
164	2	no
165	4	no
166	1	no
167	4	no
168	2	no
169	4	no
170	4	no
171	4	no
172	2	no
173	4	no
174	4	no
175	4	no
176	4	no
177	4	no
178	4	no
179	4	no
180	4	no
181	2	no
182	4	no
183	4	no
184	4	no
185	2	no
186	4	no
187	4	no
188	2	no
189	4	no
190	2	no
191	4	no
192	3	no
193	4	no
194	4	no
195	0	no
196	4	no
197	2	no
198	5	no
199	5	no
200	2	no
201	0	no
202	2	no
203	0	no
204	4	no
205	4	no
206	4	no
207	4	no
208	4	no
209	1	no
210	4	no
211	4	no
212	4	no
213	2	no
214	4	no
215	4	no
216	4	no
217	4	no
218	0	no
219	4	no
220	4	no
221	4	no
222	4	no
223	4	no
224	2	no
225	2	no
226	0	no
227	4	no
228	4	no
229	4	no
230	4	no
231	4	no
232	4	no
233	0	no
234	2	no
235	4	no
236	4	no
237	2	no
238	4	no
239	4	no
240	4	no
241	2	no
242	4	no
243	4	no
244	4	no
245	4	no
246	4	no
247	4	no
248	2	no
249	4	no
250	0	no
251	4	no
252	2	no
253	4	no
254	4	no
255	2	no
256	3	no
257	2	no
258	4	no
259	2	no
260	4	no
261	1	no
262	4	no
263	4	no
264	4	no
265	4	no
266	2	no
267	0	no
268	2	no
269	4	no
270	4	no
271	4	no
272	4	no
273	4	no
274	1	no
275	4	no
276	0	no
277	4	no
278	4	no
279	2	no
280	1	no
281	4	no
282	4	no
283	4	no
284	4	no
285	4	no
286	4	no
287	4	no
288	0	no
289	0	no
290	4	no
291	4	no
292	4	no
293	2	no
294	5	no
295	4	no
296	2	no
297	2	no
298	2	no
299	4	no
300	4	no
301	5	no
302	4	no
303	4	no
304	2	no
305	4	no
306	2	no
307	5	no
308	4	no
309	4	no
310	4	no
311	4	no
312	4	no
313	5	no
314	4	no
315	4	no
316	1	yes
317	2	no
318	4	no
319	2	no
320	4	no
321	4	no
322	4	no
323	4	no
324	3	no
325	4	no
326	4	no
327	1	no
328	4	no
329	4	no
330	4	no
331	0	no
332	4	no
333	2	no
334	2	no
335	4	no
336	4	no
337	2	no
338	2	no
339	4	no
340	2	no
341	0	no
342	4	no
343	5	no
344	4	no
345	4	no
346	4	no
347	4	no
348	5	no
349	4	no
350	2	no
351	4	no
352	2	no
353	4	no
354	4	no
355	4	no
356	4	no
357	2	no
358	4	no
359	4	no
360	4	no
361	5	no
362	4	no
363	2	no
364	4	no
365	4	no
366	4	no
367	4	no
368	4	no
369	5	no
370	4	no
371	0	no
372	4	no
373	2	no
374	2	no
375	4	no
376	4	no
377	4	no
378	1	no
379	4	no
380	2	no
381	4	no
382	0	no
383	4	no
384	2	no
385	2	no
386	4	no
387	4	no
388	4	no
389	2	no
390	4	no
391	0	no
392	4	no
393	5	no
394	2	no
395	4	no
396	4	no
397	4	no
398	4	no
399	4	no
400	2	no
401	0	no
402	4	no
403	2	no
404	4	no
405	2	no
406	4	no
407	2	no
408	2	no
409	4	no
410	4	no
411	4	no
412	4	no
413	0	no
414	4	no
415	4	no
416	0	no
417	2	no
418	0	no
419	4	no
420	4	no
421	1	no
422	4	no
423	4	no
424	4	no
425	4	no
426	2	no
427	4	no
428	4	no
429	4	no
430	5	no
431	4	no
432	5	no
433	4	no
434	4	no
435	0	no
436	4	no
437	4	no
438	4	no
439	4	no
440	4	no
441	2	no
442	5	no
443	0	no
444	2	no
445	4	no
446	2	no
447	4	no
448	4	no
449	2	no
450	4	no
451	4	no
452	2	no
453	0	no
454	4	no
455	2	no
456	4	no
457	0	no
458	4	no
459	2	no
460	4	no
461	1	no
462	2	no
463	4	no
464	2	no
465	4	no
466	4	no
467	4	no
468	4	no
469	2	no
470	4	no
471	4	no
472	4	no
473	0	no
474	4	no
475	4	no
476	4	no
477	4	no
478	4	no
479	4	no
480	5	no
481	2	no
482	2	no
483	1	no
484	4	no
485	2	no
486	0	no
487	4	no
488	4	no
489	4	no
490	4	no
491	4	no
492	4	no
493	2	no
494	4	no
495	4	no
496	1	no
497	4	no
498	4	no
499	2	no
500	4	no
501	2	no
502	4	no
503	2	no
504	4	no
505	4	no
506	4	no
507	4	no
508	4	no
509	2	no
510	2	no
511	4	no
512	2	no
513	2	no
514	0	no
515	2	no
516	4	no
517	4	no
518	4	no
519	0	no
520	4	no
521	4	no
522	4	no
523	5	no
524	0	no
525	4	no
526	4	no
527	4	no
528	0	no
529	2	no
530	5	no
531	4	no
532	4	no
533	2	no
534	4	no
535	4	no
536	4	no
537	2	no
538	2	no
539	2	no
540	4	no
541	4	no
542	4	no
543	0	no
544	2	no
545	4	no
546	2	no
547	3	no
548	2	no
549	4	no
550	4	no
551	2	no
552	4	no
553	2	no
554	4	no
555	2	no
556	0	no
557	4	no
558	2	no
559	4	no
560	2	no
561	0	no
562	4	no
563	4	no
564	4	no
565	4	no
566	4	no
567	4	no
568	4	no
569	2	no
570	4	no
571	4	no
572	2	no
573	4	no
574	4	no
575	4	no
576	4	no
577	4	no
578	0	no
579	4	no
580	2	no
581	4	no
582	2	no
583	2	no
584	2	no
585	2	no
586	4	no
587	4	no
588	4	no
589	0	no
590	4	no
591	0	no
592	0	no
593	4	no
594	5	no
595	4	no
596	4	no
597	2	no
598	4	no
599	2	no
600	2	no
601	2	no
602	4	no
603	2	no
604	4	no
605	4	no
606	2	no
607	4	no
608	4	no
609	4	no
610	4	no
611	2	no
612	4	no
613	0	no
614	4	no
615	4	no
616	4	no
617	2	no
618	2	no
619	2	no
620	2	no
621	4	no
622	2	no
623	2	no
624	4	no
625	2	no
626	5	no
627	1	no
628	4	no
629	2	no
630	4	no
631	4	no
632	2	no
633	4	no
634	0	no
635	4	no
636	2	no
637	2	no
638	4	no
639	4	no
640	2	no
641	2	no
642	2	no
643	0	no
644	2	no
645	4	no
646	2	no
647	4	no
648	2	no
649	4	no
650	4	no
651	4	no
652	4	no
653	4	no
654	4	no
655	4	no
656	4	no
657	4	no
658	2	no
659	4	no
660	0	no
661	2	no
662	2	no
663	4	no
664	0	no
665	4	no
666	4	no
667	2	no
668	1	no
669	0	no
670	4	no
671	4	no
672	4	no
673	4	no
674	4	no
675	2	no
676	2	no
677	2	no
678	4	no
679	4	no
680	4	no
681	4	no
682	5	no
683	4	no
684	2	no
685	4	no
686	0	no
687	4	no
688	1	no
689	0	no
690	4	no
691	4	no
692	0	no
693	4	no
694	4	no
695	4	no
696	4	no
697	4	no
698	5	no
699	2	no
700	5	no
701	4	no
702	0	no
703	5	no
704	4	no
705	2	no
706	4	no
707	4	no
708	2	no
709	4	no
710	4	no
711	4	no
712	4	no
713	4	no
714	0	no
715	5	no
716	4	no
717	2	no
718	4	no
719	2	no
720	2	no
721	4	no
722	0	no
723	1	no
724	4	no
725	4	no
726	4	no
727	4	no
728	4	no
729	2	no
730	2	no
731	1	no
732	2	no
733	4	no
734	2	no
735	4	no
736	2	no
737	4	no
738	4	no
739	2	no
740	0	no
741	2	no
742	2	no
743	4	no
744	4	no
745	2	no
746	4	no
747	0	no
748	4	no
749	2	no
750	4	no
751	4	no
752	2	no
753	2	no
754	2	no
755	5	no
756	2	no
757	2	no
758	4	no
759	4	no
760	5	no
761	4	no
762	2	no
763	4	no
764	2	no
765	2	no
766	2	no
767	2	no
768	2	no
769	4	no
770	2	no
771	0	no
772	4	no
773	1	no
774	4	no
775	4	no
776	4	no
777	4	no
778	4	no
779	4	no
780	2	no
781	4	no
782	2	no
783	2	no
784	4	no
785	4	no
786	4	no
787	4	no
788	4	no
789	4	no
790	2	no
791	2	no
792	4	no
793	4	no
794	2	no
795	2	no
796	4	no
797	4	no
798	4	no
799	2	no
800	4	no
801	2	no
802	4	no
803	4	no
804	2	no
805	2	no
806	4	no
807	2	no
808	5	no
809	4	no
810	5	no
811	5	no
812	4	no
813	0	no
814	2	no
815	4	no
816	4	no
817	4	no
818	2	no
819	2	no
820	0	no
821	4	no
822	4	no
823	1	no
824	4	no
825	2	no
826	2	no
827	2	no
828	4	no
829	2	no
830	2	no
831	0	no
832	3	no
833	4	no
834	4	no
835	4	no
836	5	no
837	4	no
838	4	no
839	2	no
840	4	no
841	4	no
842	4	no
843	4	no
844	4	no
845	4	no
846	4	no
847	4	no
848	4	no
849	5	no
850	4	no
851	4	no
852	4	no
853	3	no
854	1	no
855	1	no
856	2	no
857	4	no
858	4	no
859	4	no
860	4	no
861	5	no
862	2	no
863	0	no
864	2	no
865	4	no
866	4	no
867	4	no
868	2	no
869	2	no
870	4	no
871	0	no
872	4	no
873	4	no
874	0	no
875	4	no
876	2	no
877	2	no
878	2	no
879	4	no
880	4	no
881	4	no
882	4	no
883	4	no
884	4	no
885	2	no
886	4	no
887	0	no
888	2	no
889	1	no
890	0	no
891	2	no
892	4	no
893	4	no
894	4	no
895	4	no
896	4	no
897	4	no
898	4	no
899	0	no
900	4	no
901	2	no
902	4	no
903	2	no
904	0	no
905	2	no
906	4	no
907	4	no
908	2	no
909	4	no
910	4	no
911	4	no
912	2	no
913	4	no
914	2	no
915	4	no
916	2	no
917	4	no
918	2	no
919	2	no
920	5	no
921	4	no
922	2	no
923	2	no
924	5	no
925	4	no
926	4	no
927	4	no
928	2	no
929	4	no
930	4	no
931	4	no
932	4	no
933	4	no
934	4	no
935	2	no
936	4	no
937	4	no
938	2	no
939	4	no
940	0	no
941	0	no
942	2	no
943	4	no
944	4	no
945	5	no
946	4	no
947	4	no
948	2	no
949	2	no
950	2	no
951	4	no
952	4	no
953	4	no
954	2	no
955	2	no
956	2	no
957	2	no
958	2	no
959	4	no
960	4	no
961	2	no
962	2	no
963	4	no
964	0	no
965	4	no
966	4	no
967	4	no
968	4	no
969	4	no
970	2	no
971	2	no
972	2	no
973	4	no
974	4	no
975	0	no
976	4	no
977	2	no
978	4	no
979	2	no
980	2	no
981	4	no
982	4	no
983	2	no
984	0	no
985	4	no
986	0	no
987	4	no
988	4	no
989	0	no
990	4	no
991	2	no
992	2	no
993	4	no
994	4	no
995	0	no
996	4	no
997	4	no
998	0	no
999	2	no
1000	4	no
1001	4	no
1002	4	no
1003	4	no
1004	2	no
1005	4	no
1006	4	no
1007	2	no
1008	2	no
1009	0	no
1010	4	no
1011	4	no
1012	4	no
1013	2	no
1014	4	no
1015	0	no
1016	4	no
1017	4	no
1018	4	no
1019	0	no
1020	4	no
1021	2	no
1022	4	no
1023	4	no
1024	4	no
1025	4	no
1026	4	no
1027	2	no
1028	4	no
1029	1	no
1030	2	no
1031	2	no
1032	4	no
1033	2	no
1034	0	no
1035	4	no
1036	2	no
1037	4	no
1038	2	no
1039	4	no
1040	0	no
1041	4	no
1042	4	no
1043	1	no
1044	4	no
1045	4	no
1046	4	no
1047	4	no
1048	2	no
1049	4	no
1050	0	no
1051	0	no
1052	4	no
1053	4	no
1054	4	no
1055	4	no
1056	2	no
1057	4	no
1058	2	no
1059	0	no
1060	4	no
1061	4	no
1062	4	no
1063	4	no
1064	4	no
1065	2	no
1066	4	no
1067	2	no
1068	1	no
1069	0	no
1070	4	no
1071	4	no
1072	4	no
1073	4	no
1074	4	no
1075	4	no
1076	2	no
1077	4	no
1078	0	no
1079	4	no
1080	2	no
1081	4	no
1082	0	no
1083	4	no
1084	0	no
1085	0	no
1086	3	no
1087	4	no
1088	2	no
1089	0	no
1090	4	no
1091	2	no
1092	0	no
1093	4	no
1094	2	no
1095	2	no
1096	4	no
1097	4	no
1098	4	no
1099	4	no
1100	4	no
1101	4	no
1102	5	no
1103	5	no
1104	4	no
1105	4	no
1106	4	no
1107	4	no
1108	4	no
1109	4	no
1110	4	no
1111	4	no
1112	2	no
1113	2	no
1114	2	no
1115	4	no
1116	5	no
1117	2	no
1118	4	no
1119	5	no
1120	0	no
1121	2	no
1122	4	no
1123	2	no
1124	4	no
1125	4	no
1126	4	no
1127	5	no
1128	2	no
1129	2	no
1130	2	no
1131	4	no
1132	4	no
1133	4	no
1134	2	no
1135	4	no
1136	4	no
1137	2	no
1138	4	no
1139	4	no
1140	4	no
1141	2	no
1142	4	no
1143	4	no
1144	0	no
1145	0	no
1146	0	no
1147	4	no
1148	2	no
1149	5	no
1150	4	no
1151	1	no
1152	4	no
1153	4	no
1154	4	no
1155	4	no
1156	5	no
1157	2	no
1158	2	no
1159	1	no
1160	4	no
1161	4	no
1162	0	no
1163	1	no
1164	4	no
1165	2	no
1166	4	no
1167	2	no
1168	2	no
1169	4	no
1170	2	no
1171	5	no
1172	0	no
1173	4	no
1174	0	no
1175	2	no
1176	4	no
1177	2	no
1178	4	no
1179	2	no
1180	4	no
1181	1	no
1182	2	no
1183	4	no
1184	4	no
1185	4	no
1186	4	no
1187	2	no
1188	2	no
1189	2	no
1190	2	no
1191	4	no
1192	2	no
1193	2	no
1194	0	no
1195	4	no
1196	2	no
1197	2	no
1198	4	no
1199	4	no
1200	2	no
1201	2	no
1202	2	no
1203	0	no
1204	4	no
1205	4	no
1206	0	no
1207	0	no
1208	2	no
1209	4	no
1210	4	no
1211	4	no
1212	4	no
1213	4	no
1214	2	no
1215	4	no
1216	4	no
1217	4	no
1218	2	no
1219	4	no
1220	0	no
1221	4	no
1222	4	no
1223	4	no
1224	4	no
1225	4	no
1226	4	no
1227	4	no
1228	4	no
1229	5	no
1230	4	no
1231	4	no
1232	4	no
1233	4	no
1234	4	no
1235	2	no
1236	4	no
1237	4	no
1238	2	no
1239	4	no
1240	4	no
1241	4	no
1242	2	no
1243	2	no
1244	2	no
1245	2	no
1246	2	no
1247	4	no
1248	0	no
1249	2	no
1250	2	no
1251	4	no
1252	4	no
1253	4	no
1254	4	no
1255	4	no
1256	4	no
1257	2	no
1258	4	no
1259	4	no
1260	5	no
1261	4	no
1262	2	no
1263	4	no
1264	4	no
1265	4	no
1266	4	no
1267	2	no
1268	2	no
1269	2	no
1270	2	no
1271	1	no
1272	2	no
1273	0	no
1274	2	no
1275	4	no
1276	2	no
1277	2	no
1278	2	no
1279	4	no
1280	4	no
1281	4	no
1282	4	no
1283	2	no
1284	4	no
1285	2	no
1286	4	no
1287	1	no
1288	1	no
1289	5	no
1290	2	no
1291	4	no
1292	4	no
1293	4	no
1294	2	no
1295	2	no
1296	4	no
1297	4	no
1298	2	no
1299	4	no
1300	2	no
1301	4	no
1302	4	no
1303	4	no
1304	2	no
1305	2	no
1306	4	no
1307	2	no
1308	4	no
1309	4	no
1310	4	no
1311	4	no
1312	0	no
1313	4	no
1314	4	no
1315	2	no
1316	2	no
1317	4	no
1318	4	no
1319	2	no
1320	2	no
1321	5	no
1322	0	no
1323	4	no
1324	4	no
1325	2	no
1326	4	no
1327	4	no
1328	4	no
1329	4	no
1330	4	no
1331	0	no
1332	4	no
1333	0	no
1334	4	no
1335	4	no
1336	4	no
1337	4	no
1338	4	no
1339	4	no
1340	2	no
1341	2	no
1342	2	no
1343	4	no
1344	2	no
1345	4	no
1346	0	no
1347	2	no
1348	4	no
1349	4	no
1350	2	no
1351	4	no
1352	4	no
1353	4	no
1354	5	no
1355	4	no
1356	4	no
1357	4	no
1358	4	no
1359	0	no
1360	4	no
1361	2	no
1362	4	no
1363	4	no
1364	4	no
1365	2	no
1366	4	no
1367	2	no
1368	4	no
1369	5	no
1370	4	no
1371	2	no
1372	2	no
1373	4	no
1374	4	no
1375	4	no
1376	4	no
1377	4	no
1378	4	no
1379	4	no
1380	4	no
1381	2	no
1382	4	no
1383	2	no
1384	4	no
1385	4	no
1386	2	no
1387	4	no
1388	2	no
1389	4	no
1390	4	no
1391	2	no
1392	2	no
1393	2	no
1394	4	no
1395	4	no
1396	0	no
1397	5	no
1398	4	no
1399	2	no
1400	4	no
1401	4	no
1402	2	no
1403	1	no
1404	4	no
1405	4	no
1406	5	no
1407	4	no
1408	4	no
1409	2	no
1410	2	no
1411	4	no
1412	4	no
1413	4	no
1414	4	no
1415	0	no
1416	4	no
1417	4	no
1418	4	no
1419	2	no
1420	2	no
1421	4	no
1422	4	no
1423	4	no
1424	4	no
1425	4	no
1426	0	no
1427	2	no
1428	2	no
1429	4	no
1430	2	no
1431	4	no
1432	4	no
1433	4	no
1434	4	no
1435	4	no
1436	4	no
1437	1	no
1438	4	no
1439	2	no
1440	2	no
1441	4	no
1442	4	no
1443	4	no
1444	4	no
1445	2	no
1446	1	no
1447	4	no
1448	4	no
1449	2	no
1450	4	no
1451	4	no
1452	4	no
1453	2	no
1454	4	no
1455	2	no
1456	1	no
1457	2	no
1458	4	no
1459	4	no
1460	4	no
1461	4	no
1462	4	no
1463	4	no
1464	2	no
1465	4	no
1466	4	no
1467	4	no
1468	2	no
1469	4	no
1470	4	no
1471	4	no
1472	2	no
1473	4	no
1474	2	no
1475	4	no
1476	2	no
1477	4	no
1478	4	no
1479	4	no
1480	4	no
1481	2	no
1482	2	no
1483	4	no
1484	1	no
1485	5	no
1486	4	no
1487	2	no
1488	2	no
1489	2	no
1490	2	no
1491	2	no
1492	4	no
1493	4	no
1494	2	no
1495	1	no
1496	2	no
1497	2	no
1498	5	no
1499	0	no
1500	4	no
1501	4	no
1502	4	no
1503	4	no
1504	5	no
1505	4	no
1506	4	no
1507	2	no
1508	2	no
1509	2	no
1510	4	no
1511	2	no
1512	2	no
1513	4	no
1514	4	no
1515	3	no
1516	4	no
1517	4	no
1518	4	no
1519	2	no
1520	4	no
1521	4	no
1522	2	no
1523	2	no
1524	2	no
1525	4	no
1526	3	no
1527	2	no
1528	2	no
1529	5	no
1530	2	no
1531	4	no
1532	5	no
1533	0	no
1534	2	no
1535	4	no
1536	2	no
1537	4	no
1538	4	no
1539	4	no
1540	0	no
1541	2	no
1542	2	no
1543	0	no
1544	0	no
1545	4	no
1546	2	no
1547	4	no
1548	4	no
1549	4	no
1550	4	no
1551	2	no
1552	4	no
1553	2	no
1554	4	no
1555	4	no
1556	4	no
1557	4	no
1558	4	no
1559	0	no
1560	0	no
1561	4	no
1562	4	no
1563	4	no
1564	2	no
1565	5	no
1566	4	no
1567	5	no
1568	0	no
1569	5	no
1570	4	no
1571	5	no
1572	4	no
1573	5	no
1574	4	no
1575	4	no
1576	2	no
1577	5	no
1578	1	no
1579	2	no
1580	2	no
1581	0	no
1582	4	no
1583	4	no
1584	4	no
1585	4	no
1586	4	no
1587	4	no
1588	4	no
1589	4	no
1590	2	no
1591	4	no
1592	2	no
1593	4	no
1594	4	no
1595	5	no
1596	4	no
1597	2	no
1598	5	no
1599	4	no
1600	2	no
1601	4	no
1602	4	no
1603	2	no
1604	4	no
1605	2	no
1606	2	no
1607	2	no
1608	4	no
1609	0	no
1610	2	no
1611	4	no
1612	4	no
1613	4	no
1614	4	no
1615	2	no
1616	4	no
1617	4	no
1618	2	no
1619	4	no
1620	4	no
1621	2	no
1622	4	no
1623	4	no
1624	4	no
1625	2	no
1626	4	no
1627	4	no
1628	4	no
1629	2	no
1630	4	no
1631	4	no
1632	2	no
1633	4	no
1634	4	no
1635	4	no
1636	2	no
1637	4	no
1638	2	no
1639	2	no
1640	4	no
1641	4	no
1642	2	no
1643	2	no
1644	4	no
1645	2	no
1646	1	no
1647	4	no
1648	4	no
1649	4	no
1650	4	no
1651	2	no
1652	2	no
1653	5	no
1654	4	no
1655	2	no
1656	5	no
1657	5	no
1658	0	no
1659	4	no
1660	2	no
1661	4	no
1662	0	no
1663	2	no
1664	4	no
1665	0	no
1666	5	no
1667	4	no
1668	4	no
1669	4	no
1670	2	no
1671	4	no
1672	4	no
1673	2	no
1674	0	no
1675	2	no
1676	4	no
1677	4	no
1678	4	no
1679	4	no
1680	0	no
1681	4	no
1682	2	no
1683	2	no
1684	0	no
1685	4	no
1686	4	no
1687	4	no
1688	2	no
1689	2	no
1690	2	no
1691	5	no
1692	4	no
1693	0	no
1694	4	no
1695	4	no
1696	4	no
1697	2	no
1698	4	no
1699	4	no
1700	4	no
1701	4	no
1702	2	no
1703	4	no
1704	2	no
1705	4	no
1706	4	no
1707	0	no
1708	4	no
1709	2	no
1710	5	no
1711	4	no
1712	2	no
1713	2	no
1714	5	no
1715	4	no
1716	4	no
1717	4	no
1718	4	no
1719	1	no
1720	4	no
1721	5	no
1722	4	no
1723	0	no
1724	2	no
1725	5	no
1726	4	no
1727	4	no
1728	2	no
1729	2	no
1730	4	no
1731	4	no
1732	4	no
1733	0	no
1734	4	no
1735	4	no
1736	2	no
1737	1	no
1738	1	no
1739	5	no
1740	4	no
1741	5	no
1742	4	no
1743	4	no
1744	2	no
1745	2	no
1746	2	no
1747	4	no
1748	4	no
1749	5	no
1750	4	no
1751	1	no
1752	2	no
1753	4	no
1754	2	no
1755	4	no
1756	2	no
1757	0	no
1758	4	no
1759	4	no
1760	2	no
1761	2	no
1762	2	no
1763	4	no
1764	4	no
1765	2	no
1766	2	no
1767	2	no
1768	4	no
1769	0	no
1770	2	no
1771	5	no
1772	2	no
1773	4	no
1774	0	no
1775	4	no
1776	4	no
1777	4	no
1778	2	no
1779	4	no
1780	4	no
1781	4	no
1782	4	no
1783	2	no
1784	4	no
1785	4	no
1786	4	no
1787	4	no
1788	2	no
1789	4	no
1790	4	no
1791	4	no
1792	2	no
1793	5	no
1794	2	no
1795	2	no
1796	4	no
1797	4	no
1798	2	no
1799	2	no
1800	4	no
1801	4	no
1802	2	no
1803	4	no
1804	4	no
1805	4	no
1806	4	no
1807	4	no
1808	4	no
1809	2	no
1810	2	no
1811	2	no
1812	2	no
1813	4	no
1814	4	no
1815	2	no
1816	4	no
1817	4	no
1818	4	no
1819	3	no
1820	4	no
1821	4	no
1822	4	no
1823	4	no
1824	4	no
1825	4	no
1826	2	no
1827	0	no
1828	4	no
1829	4	no
1830	4	no
1831	2	no
1832	4	no
1833	2	no
1834	4	no
1835	2	no
1836	4	no
1837	4	no
1838	4	no
1839	2	no
1840	4	no
1841	1	no
1842	4	no
1843	2	no
1844	2	no
1845	2	no
1846	2	no
1847	2	no
1848	4	no
1849	4	no
1850	2	no
1851	2	no
1852	4	no
1853	2	no
1854	4	no
1855	2	no
1856	4	no
1857	4	no
1858	4	no
1859	4	no
1860	4	no
1861	5	no
1862	4	no
1863	4	no
1864	0	no
1865	4	no
1866	4	no
1867	2	no
1868	2	no
1869	4	no
1870	4	no
1871	0	no
1872	4	no
1873	2	no
1874	4	no
1875	2	no
1876	4	no
1877	5	no
1878	5	no
1879	4	no
1880	4	no
1881	4	no
1882	2	no
1883	4	no
1884	4	no
1885	2	no
1886	4	no
1887	0	no
1888	4	no
1889	2	no
1890	4	no
1891	4	no
1892	2	no
1893	4	no
1894	4	no
1895	5	no
1896	4	no
1897	2	no
1898	4	no
1899	2	no
1900	1	no
1901	4	no
1902	4	no
1903	2	no
1904	1	no
1905	2	no
1906	2	no
1907	2	no
1908	4	no
1909	4	no
1910	2	no
1911	2	no
1912	4	no
1913	2	no
1914	1	no
1915	4	no
1916	4	no
1917	4	no
1918	3	no
1919	4	no
1920	2	no
1921	4	no
1922	2	no
1923	4	no
1924	2	no
1925	4	no
1926	4	no
1927	2	no
1928	2	no
1929	4	no
1930	4	no
1931	2	no
1932	4	no
1933	4	no
1934	4	no
1935	4	no
1936	2	no
1937	2	no
1938	4	no
1939	4	no
1940	2	no
1941	0	no
1942	2	no
1943	4	no
1944	2	no
1945	2	no
1946	0	no
1947	2	no
1948	4	no
1949	0	no
1950	2	no
1951	4	no
1952	0	no
1953	4	no
1954	5	no
1955	2	no
1956	2	no
1957	4	no
1958	2	no
1959	4	no
1960	0	no
1961	4	no
1962	4	no
1963	5	no
1964	4	no
1965	5	no
1966	4	no
1967	4	no
1968	4	no
1969	4	no
1970	2	no
1971	4	no
1972	4	no
1973	4	no
1974	4	no
1975	4	no
1976	2	no
1977	2	no
1978	1	no
1979	4	no
1980	4	no
1981	4	no
1982	4	no
1983	4	no
1984	4	no
1985	4	no
1986	4	no
1987	4	no
1988	2	no
1989	4	no
1990	2	no
1991	2	no
1992	4	no
1993	4	no
1994	2	no
1995	4	no
1996	2	no
1997	2	no
1998	5	no
1999	4	no
2000	4	no
2001	2	no
2002	4	no
2003	2	no
2004	4	no
2005	4	no
2006	5	no
2007	4	no
2008	4	no
2009	2	no
2010	4	no
2011	4	no
2012	2	no
2013	2	no
2014	2	no
2015	2	no
2016	4	no
2017	0	no
2018	4	no
2019	5	no
2020	4	no
2021	2	no
2022	4	no
2023	2	no
2024	4	no
2025	4	no
2026	0	no
2027	2	no
2028	2	no
2029	0	no
2030	4	no
2031	2	no
2032	2	no
2033	2	no
2034	2	no
2035	4	no
2036	4	no
2037	2	no
2038	2	no
2039	4	no
2040	2	no
2041	2	no
2042	2	no
2043	0	no
2044	0	no
2045	5	no
2046	4	no
2047	4	no
2048	4	no
2049	2	no
2050	4	no
2051	2	no
2052	4	no
2053	5	no
2054	5	no
2055	2	no
2056	5	no
2057	4	no
2058	4	no
2059	4	no
2060	2	no
2061	5	no
2062	4	no
2063	4	no
2064	2	no
2065	0	no
2066	4	no
2067	4	no
2068	5	no
2069	2	no
2070	2	no
2071	4	no
2072	0	no
2073	2	no
2074	2	no
2075	2	no
2076	4	no
2077	1	no
2078	2	no
2079	4	no
2080	4	no
2081	4	no
2082	4	no
2083	4	no
2084	2	no
2085	5	no
2086	2	no
2087	4	no
2088	4	no
2089	4	no
2090	4	no
2091	2	no
2092	4	no
2093	2	no
2094	4	no
2095	2	no
2096	4	no
2097	4	no
2098	4	no
2099	4	no
2100	2	no
2101	4	no
2102	0	no
2103	4	no
2104	4	no
2105	4	no
2106	4	no
2107	4	no
2108	0	no
2109	1	no
2110	1	no
2111	4	no
2112	4	no
2113	5	no
2114	4	no
2115	5	no
2116	4	no
2117	4	no
2118	0	no
2119	4	no
2120	4	no
2121	4	no
2122	1	no
2123	4	no
2124	2	no
2125	4	no
2126	4	no
2127	4	no
2128	4	no
2129	2	no
2130	4	no
2131	4	no
2132	4	no
2133	4	no
2134	4	no
2135	0	no
2136	0	no
2137	4	no
2138	4	no
2139	4	no
2140	2	no
2141	2	no
2142	4	no
2143	4	no
2144	4	no
2145	4	no
2146	4	no
2147	4	no
2148	4	no
2149	2	no
2150	2	no
2151	4	no
2152	4	no
2153	4	no
2154	2	no
2155	4	no
2156	4	no
2157	4	no
2158	4	no
2159	4	no
2160	4	no
2161	4	no
2162	0	no
2163	4	no
2164	2	no
2165	4	no
2166	0	no
2167	0	no
2168	0	no
2169	2	no
2170	4	no
2171	4	no
2172	4	no
2173	2	no
2174	2	no
2175	4	no
2176	4	no
2177	2	no
2178	4	no
2179	2	no
2180	0	no
2181	4	no
2182	2	no
2183	4	no
2184	2	no
2185	1	no
2186	2	no
2187	2	no
2188	2	no
2189	4	no
2190	4	no
2191	4	no
2192	4	no
2193	5	no
2194	2	no
2195	5	no
2196	1	no
2197	2	no
2198	2	no
2199	4	no
2200	4	no
2201	4	no
2202	4	no
2203	4	no
2204	4	no
2205	1	no
2206	4	no
2207	4	no
2208	2	no
2209	4	no
2210	0	no
2211	4	no
2212	4	no
2213	4	no
2214	4	no
2215	4	no
2216	2	no
2217	3	no
2218	2	no
2219	2	no
2220	2	no
2221	4	no
2222	4	no
2223	2	no
2224	4	no
2225	4	no
2226	4	no
2227	4	no
2228	4	no
2229	1	no
2230	2	no
2231	4	no
2232	2	no
2233	4	no
2234	4	no
2235	2	no
2236	4	no
2237	4	no
2238	2	no
2239	4	no
2240	4	no
2241	4	no
2242	2	no
2243	4	no
2244	1	no
2245	2	no
2246	4	no
2247	4	no
2248	4	no
2249	2	no
2250	4	no
2251	4	no
2252	2	no
2253	4	no
2254	2	no
2255	4	no
2256	4	no
2257	2	no
2258	4	no
2259	2	no
2260	5	no
2261	4	no
2262	4	no
2263	2	no
2264	4	no
2265	2	no
2266	2	no
2267	4	no
2268	4	no
2269	4	no
2270	2	no
2271	4	no
2272	2	no
2273	4	no
2274	4	no
2275	2	no
2276	4	no
2277	4	no
2278	4	no
2279	4	no
2280	4	no
2281	4	no
2282	4	no
2283	4	no
2284	2	no
2285	2	no
2286	3	no
2287	4	no
2288	4	no
2289	2	no
2290	4	no
2291	2	no
2292	4	no
2293	2	no
2294	4	no
2295	2	no
2296	4	no
2297	5	no
2298	1	no
2299	4	no
2300	0	no
2301	0	no
2302	4	no
2303	2	no
2304	1	no
2305	4	no
2306	4	no
2307	4	no
2308	4	no
2309	4	no
2310	0	no
2311	2	no
2312	1	no
2313	4	no
2314	1	no
2315	0	no
2316	5	no
2317	5	no
2318	1	no
2319	0	no
2320	2	no
2321	4	no
2322	2	no
2323	4	no
2324	4	no
2325	4	no
2326	2	no
2327	2	no
2328	4	no
2329	2	no
2330	4	no
2331	4	no
2332	1	no
2333	5	no
2334	4	no
2335	4	no
2336	2	no
2337	4	no
2338	4	no
2339	4	no
2340	4	no
2341	5	no
2342	4	no
2343	4	no
2344	4	no
2345	4	no
2346	4	no
2347	1	no
2348	4	no
2349	4	no
2350	4	no
2351	2	no
2352	2	no
2353	0	no
2354	4	no
2355	4	no
2356	4	no
2357	0	no
2358	4	no
2359	2	no
2360	4	no
2361	2	no
2362	2	no
2363	4	no
2364	4	no
2365	2	no
2366	2	no
2367	5	no
2368	0	no
2369	0	no
2370	4	no
2371	4	no
2372	2	no
2373	2	no
2374	4	no
2375	2	no
2376	4	no
2377	2	no
2378	2	no
2379	4	no
2380	4	no
2381	4	no
2382	4	no
2383	4	no
2384	4	no
2385	1	no
2386	4	no
2387	2	no
2388	4	no
2389	4	no
2390	2	no
2391	4	no
2392	0	no
2393	4	no
2394	4	no
2395	4	no
2396	4	no
2397	4	no
2398	4	no
2399	2	no
2400	2	no
2401	4	no
2402	4	no
2403	2	no
2404	4	no
2405	4	no
2406	2	no
2407	2	no
2408	4	no
2409	4	no
2410	4	no
2411	1	no
2412	2	no
2413	4	no
2414	4	no
2415	4	no
2416	4	no
2417	4	no
2418	5	no
2419	2	no
2420	4	no
2421	2	no
2422	2	no
2423	4	no
2424	4	no
2425	0	no
2426	4	no
2427	4	no
2428	2	no
2429	2	no
2430	2	no
2431	4	no
2432	4	no
2433	1	no
2434	4	no
2435	4	no
2436	2	no
2437	2	no
2438	4	no
2439	4	no
2440	4	no
2441	4	no
2442	0	no
2443	4	no
2444	4	no
2445	2	no
2446	4	no
2447	0	no
2448	2	no
2449	2	no
2450	4	no
2451	3	no
2452	0	no
2453	2	no
2454	4	no
2455	2	no
2456	4	no
2457	2	no
2458	1	no
2459	5	no
2460	2	no
2461	4	no
2462	4	no
2463	4	no
2464	4	no
2465	4	no
2466	4	no
2467	4	no
2468	0	no
2469	2	no
2470	4	no
2471	4	no
2472	4	no
2473	2	no
2474	4	no
2475	4	no
2476	0	no
2477	4	no
2478	5	no
2479	2	no
2480	4	no
2481	2	no
2482	2	no
2483	4	no
2484	4	no
2485	4	no
2486	4	no
2487	2	no
2488	2	no
2489	0	no
2490	5	no
2491	4	no
2492	4	no
2493	4	no
2494	4	no
2495	0	no
2496	3	no
2497	4	no
2498	4	no
2499	4	no
2500	0	no
2501	4	no
2502	4	no
2503	4	no
2504	4	no
2505	2	no
2506	4	no
2507	2	no
2508	2	no
2509	2	no
2510	4	no
2511	4	no
2512	4	no
2513	4	no
2514	4	no
2515	2	no
2516	4	no
2517	5	no
2518	4	no
2519	4	no
2520	4	no
2521	0	no
2522	4	no
2523	2	no
2524	4	no
2525	4	no
2526	2	no
2527	4	no
2528	2	no
2529	2	no
2530	2	no
2531	4	no
2532	1	no
2533	4	no
2534	2	no
2535	2	no
2536	2	no
2537	2	no
2538	4	no
2539	4	no
2540	4	no
2541	4	no
2542	4	no
2543	4	no
2544	4	no
2545	4	no
2546	2	no
2547	2	no
2548	4	no
2549	2	no
2550	4	no
2551	4	no
2552	5	no
2553	4	no
2554	4	no
2555	5	no
2556	4	no
2557	4	no
2558	0	no
2559	2	no
2560	2	no
2561	0	no
2562	0	no
2563	4	no
2564	4	no
2565	2	no
2566	0	no
2567	0	no
2568	2	no
2569	4	no
2570	4	no
2571	4	no
2572	4	no
2573	4	no
2574	2	no
2575	2	no
2576	4	no
2577	4	no
2578	4	no
2579	4	no
2580	2	no
2581	4	no
2582	4	no
2583	2	no
2584	4	no
2585	2	no
2586	4	no
2587	0	no
2588	2	no
2589	2	no
2590	2	no
2591	2	no
2592	4	no
2593	2	no
2594	2	no
2595	4	no
2596	0	no
2597	0	no
2598	4	no
2599	4	no
2600	2	no
2601	2	no
2602	2	no
2603	4	no
2604	4	no
2605	4	no
2606	5	no
2607	4	no
2608	4	no
2609	4	no
2610	1	no
2611	5	no
2612	2	no
2613	2	no
2614	4	no
2615	4	no
2616	4	no
2617	4	no
2618	4	no
2619	4	no
2620	5	no
2621	4	no
2622	0	no
2623	4	no
2624	4	no
2625	1	no
2626	2	no
2627	0	no
2628	1	no
2629	4	no
2630	4	no
2631	4	no
2632	1	no
2633	4	no
2634	0	no
2635	2	no
2636	2	no
2637	4	no
2638	4	no
2639	4	no
2640	2	no
2641	0	no
2642	4	no
2643	4	no
2644	4	no
2645	2	no
2646	0	no
2647	2	no
2648	2	no
2649	4	no
2650	4	no
2651	2	no
2652	2	no
2653	2	no
2654	2	no
2655	4	no
2656	4	no
2657	0	no
