0_Region0,271,234,399,70,184,90,34,242,142,40,97,132,70,160,407,223,109,172,210,374,150,56,98,174,100,42,145,128,74,76,183,74,73,62,36,105,62,180,120,48,138,62,60,142,20,74,192,326,22,301,307,31,138,164,94,49,194,106,170,86,72,105,104,74,104,95,88,246,231,121,109,125,126,76,52,272,195,100,102,100,150,96,45,155,113,297,153,206,101,141,97,58,110,96,207,126,78,153,170,188,95,164,94,158,94,60,146,343,27,77,128,186,98,161,295,157,127,145,105,177,271,197,267,69,110,250,14,168,164,307,94,24,107,142,113,80,93,112,86,228,75,116,275,65,86,86,67,106,190,163,93,233,142,108,347,220,82,383,36,109,72,104,172,163,148,102,150,104,210,62,136,114,114,40,86,217,128,274,104,329,163,215,78,60,76,85,81,232,66,116,383,127,75,70,510,158,58,62,168,383,236,28,79,82,214,434,76,343,87,320,117,170,204,110,319,170,64,170,131,62,198,100,61,268,102,126,274,105,80,141,298,364,233,87,48,48,74,220,69,42,182,104,168,102,214,80,142,453,111,153,158,92,76,98,52,52,82,104,66,63,89,46,108,68,168,178,44,60,50,129,113,191,159,205,32,40,142,210,217,104,80,52,67,94,120,96,106,116,63,71,48,259,156,204,321,91,126,70,104,136,74,84,280,167,185,169,172,92,90,49,115,138,155,100,68,206,58,26,71,111,148,78,326,62,181,156,98,138,160,120,57,58,303,136,131,220,100,73,437,205,87,170,138,66,180,66,111,164,54,130,199,111,92,214,154,26,69,131,77,145,109,88,123,109,74,223,38,60,125,246,78,136,203,44,134,289,151,449,216,190,155,60,250,170,123,152,130,245,64,136,37,131,298,216,237,20,272,289,106,82,275,373,97,96,116,234,29,249,68,98,231,66,155,362,56,90,82,82,307,73,238,267,74,102,207,77,116,207,76,123,70,86,213,65,96,77,96,238,44,82,22,64,142,24,66,144,368,88,68,39,176,175,82,159,22,67,272,26,55,54,101,135,88,148,179,168,138,101,94,151,192,62,16,52,139,121,145,351,124,153,48,142,88,189,154,111,110,193,74,562,78,207,332,200,396,72,40,170,98,137,103,93,133,113,198,275,132,170,142,165,195,164,48,126,158,103,187,126,82,136,139,447,185,58,112,108,154,330,122,113,122,81,66,100,107,109,236,94,150,154,138,183,78,163,64,126,102,92,68,172,166,117,104,338,155,158,180,100,101,155,200,60,151,268,205,132,78,216,87,64,64,46,116,73,230,22,150,461,361,196,202,178,232,68,37,104,76,243,188,71,219,206,64,73,279,101,187,176,192,213,262,462,223,166,187,200,95,94,78,100,64,154,130,322,410,67,120,109,118,160,195,140,74,98,104,230,401,416,37,130,154,26,58,54,212,163,232,162,192,170,220,233,90,90,339,164,172,143,94,133,456,97,0,114,182,55,95,48,99,102,56,68,58,415,316,177,106,118,74,209,140,176,26,244,80,181,109,14,155,133,218,99,64,212,107,122,121,48,330,168,154,88,199,50,22,101,223,45,136,208,99,40,235,425,68,212,40,120,88,359,236,76,104,107,142,82,151,40,96,82,126,184,73,61,59,102,23,132,54,38,164,122,124,297,70,195,35,145,92,62,114,213,36,38,203,44,72,50,143,275,148,107,256,43,93,87,62,82,124,96,379,97,52,124,315,155,206,386,139,84,127,214,161,140,59,65,148,62,92,216,295,233,168,152,182,30,158,86,231,127,229,461,44,154,70,303,38,142,101,116
1_Region1,541,373,930,96,310,155,138,348,205,128,190,275,119,262,755,141,153,280,288,685,277,133,189,234,148,392,208,184,200,156,386,74,142,127,117,319,84,233,106,125,396,384,98,233,100,286,195,709,86,790,482,170,297,479,172,148,593,228,474,151,211,139,295,76,220,194,498,498,124,279,222,280,375,148,80,335,232,56,155,131,156,190,74,207,226,529,140,347,174,166,123,160,228,125,343,292,180,305,276,333,404,297,176,265,221,99,454,590,129,115,390,348,157,249,258,292,311,121,262,332,395,265,505,110,249,422,307,286,298,482,165,87,117,242,274,141,244,270,207,479,121,137,585,138,126,220,172,193,285,357,216,155,331,165,508,488,383,808,185,66,213,196,147,327,262,270,229,213,436,152,271,265,204,178,153,323,101,510,178,433,315,469,229,143,64,222,136,788,85,214,592,201,149,177,1107,288,339,148,270,836,537,74,56,183,529,617,130,556,140,609,335,262,365,164,546,224,192,306,241,154,286,171,135,540,220,292,236,203,141,203,480,459,276,147,151,74,171,203,109,135,189,220,332,348,343,132,506,720,206,288,152,173,57,310,102,236,271,220,92,290,274,115,157,125,270,220,194,314,139,356,733,284,318,438,119,50,366,420,247,265,315,148,124,130,324,176,393,233,62,132,201,488,599,354,230,196,160,158,220,214,201,75,313,227,297,308,408,152,138,134,245,108,135,202,76,387,187,127,93,143,258,136,521,119,262,142,351,142,202,118,101,83,662,184,218,74,648,134,821,438,95,340,235,188,529,104,301,271,245,305,286,314,246,343,114,160,106,179,115,201,197,139,34,124,286,418,99,91,158,356,180,298,357,229,157,499,324,932,218,285,247,128,574,374,144,286,262,60,122,305,120,295,596,264,296,54,205,499,233,215,551,558,276,169,234,707,62,388,134,86,411,85,207,562,122,171,161,75,572,98,493,450,88,504,484,125,142,314,158,262,135,133,359,79,156,139,155,472,68,273,172,119,247,123,98,294,500,347,88,123,112,238,88,228,99,186,560,174,118,185,174,251,156,138,240,142,225,97,138,372,283,186,197,70,230,194,143,493,277,324,150,293,144,254,304,164,273,395,48,1039,132,484,477,174,756,118,78,276,137,233,198,48,172,289,329,551,284,331,176,408,389,166,74,379,331,182,336,207,76,80,395,461,448,478,180,137,136,669,146,191,301,112,165,172,222,197,442,138,289,277,154,432,185,327,139,379,231,98,270,319,336,254,151,651,352,466,344,86,215,237,275,132,184,374,233,149,150,218,52,100,150,63,504,144,185,78,108,731,803,485,47,268,229,32,88,120,166,337,286,144,577,336,100,200,293,198,263,82,311,288,236,827,418,282,425,275,103,298,252,396,140,185,224,588,664,101,171,208,297,70,344,294,141,244,152,346,562,809,184,580,217,127,183,124,400,267,339,346,350,316,457,155,163,133,322,286,123,316,125,133,894,585,259,198,296,161,245,88,141,281,122,124,160,560,324,265,371,251,206,259,186,236,174,283,64,398,124,307,135,523,535,286,176,334,117,311,202,132,669,369,193,84,387,28,156,131,227,130,208,332,141,110,476,627,213,318,170,187,227,237,843,195,323,280,176,181,344,131,193,93,303,310,159,60,124,238,273,177,209,152,230,146,267,529,135,295,244,203,145,55,322,151,79,103,296,120,173,42,199,299,202,151,329,106,146,131,82,153,193,56,675,175,69,88,443,333,253,624,295,155,227,156,378,267,124,84,262,137,278,204,612,276,383,66,253,114,406,266,411,137,313,731,179,191,80,441,131,328,174,127
2_Region2,2,4,190,14,49,4,0,59,28,0,4,60,2,2,175,37,0,43,54,48,0,16,8,10,28,6,26,43,24,10,63,0,5,2,2,6,33,0,0,10,64,32,4,6,2,4,151,38,8,49,12,4,2,49,62,0,171,30,10,10,8,14,8,6,0,32,56,14,43,20,16,0,30,10,14,6,8,4,64,34,0,4,2,18,16,100,18,12,16,63,2,0,44,4,10,56,4,12,36,69,20,110,60,81,21,25,8,44,2,32,40,2,16,58,6,2,6,0,0,8,32,70,124,14,59,152,0,36,2,12,0,48,14,10,8,10,16,126,6,172,16,2,0,0,4,0,30,0,14,38,34,28,14,8,131,86,2,12,4,36,18,8,6,17,6,0,14,2,0,14,12,43,44,6,8,24,4,2,20,28,4,46,26,34,0,2,0,140,12,6,6,0,4,30,291,50,2,0,12,34,270,34,14,22,0,25,0,57,4,12,0,2,50,40,200,2,2,18,12,6,16,0,38,8,0,56,70,65,10,69,0,12,4,4,4,20,44,6,14,12,20,0,72,11,41,22,54,46,0,52,4,0,18,10,42,72,14,12,8,38,12,20,8,0,2,80,10,0,0,40,26,64,117,12,4,8,8,36,43,4,36,18,2,42,40,16,62,12,22,14,32,8,44,12,8,81,0,44,12,12,4,26,216,4,24,20,8,12,22,21,18,31,89,12,2,14,25,10,10,20,12,4,10,0,4,57,0,14,10,2,2,8,86,52,24,10,6,0,4,12,0,16,44,16,40,0,80,50,12,34,0,70,4,41,64,0,2,2,32,33,40,0,0,2,4,4,14,0,51,24,4,34,2,8,77,74,2,98,2,14,24,2,28,18,51,16,58,2,4,0,0,6,218,6,34,4,4,74,26,36,4,46,16,30,61,132,8,90,0,18,5,12,18,26,8,12,80,4,43,12,94,107,10,4,20,26,27,86,0,6,27,0,12,20,4,0,36,0,2,36,18,8,60,10,16,48,10,31,4,16,2,26,8,22,6,27,0,40,12,17,16,4,24,64,2,34,2,2,0,38,22,50,2,4,32,4,2,53,86,69,2,64,6,16,44,0,8,117,0,170,0,20,4,79,81,1,24,36,0,6,36,27,56,0,40,4,60,58,0,62,71,30,20,2,8,6,34,42,18,2,2,30,12,132,2,47,4,0,12,4,4,6,56,4,12,40,54,0,18,70,2,50,6,17,4,2,4,0,20,6,33,14,4,138,38,50,29,32,90,10,0,38,30,162,62,0,14,2,0,32,10,35,10,2,14,2,18,200,42,114,4,20,12,0,18,51,0,18,36,6,128,0,32,34,114,10,72,0,0,8,12,265,4,2,12,0,0,6,0,8,2,16,10,47,30,36,12,38,0,29,42,6,8,54,20,0,119,80,2,0,14,10,4,0,16,120,34,16,34,2,90,28,2,2,0,0,0,2,10,2,22,34,33,73,0,68,4,2,2,6,8,0,0,140,4,57,96,38,14,25,28,24,40,10,32,47,2,0,89,20,104,24,8,83,14,22,4,2,0,20,2,8,77,0,2,10,18,22,4,2,2,8,150,14,43,26,0,193,98,60,6,72,0,14,0,39,38,16,40,26,36,49,10,2,6,8,4,52,6,0,2,12,0,100,27,8,2,6,14,4,58,2,2,24,1,38,0,6,4,73,20,12,6,42,18,16,2,16,37,32,46,10,22,10,33,8,8,68,12,8,38,14,30,34,6,16,6,0,2,14,8,4,136,12,12,8,40,2,5,10,5,200,14,40,26,68,32,2,16,23
3_Region3,379,262,815,102,435,150,194,353,236,78,169,242,144,191,588,144,195,256,231,670,178,133,189,242,204,475,177,267,154,155,382,56,70,109,171,153,112,0,176,8,364,228,117,176,95,268,324,569,102,524,94,56,211,197,166,152,406,194,271,18,125,119,173,43,175,214,511,421,270,196,12,274,254,138,100,512,264,55,152,154,192,126,36,212,170,471,80,352,200,212,132,135,197,233,98,253,128,84,287,188,294,196,144,248,133,81,670,529,94,141,304,304,184,175,308,123,224,218,149,12,649,213,361,69,297,376,72,183,212,94,195,144,89,197,219,130,131,310,157,494,100,136,483,156,99,151,76,165,180,362,105,121,248,142,634,428,334,721,95,204,126,175,93,170,164,122,244,151,280,81,256,150,51,104,77,241,183,559,126,714,216,528,183,113,30,120,127,661,124,174,568,151,56,104,1167,246,155,173,269,482,383,20,84,98,534,335,198,615,126,464,381,206,255,133,691,188,158,363,144,110,266,150,123,365,173,253,252,180,130,303,430,549,233,60,136,64,145,98,137,82,199,175,217,282,190,209,541,573,132,252,208,134,84,175,83,171,266,86,193,192,156,20,136,48,196,267,97,263,4,188,569,275,293,336,83,81,211,380,356,199,339,69,122,168,212,88,381,187,85,82,98,330,559,365,471,121,190,150,86,194,129,106,566,82,221,292,255,129,152,92,86,170,239,211,109,405,280,100,134,162,231,101,382,128,239,356,81,329,230,290,172,30,775,176,242,113,311,82,747,336,90,393,206,85,448,90,219,193,171,408,283,398,172,190,274,103,74,256,141,263,179,96,209,195,268,230,126,84,173,455,128,196,393,165,194,380,290,758,147,180,139,67,369,270,132,327,143,530,162,201,49,294,348,294,337,103,330,380,266,138,346,745,239,141,261,591,108,349,86,144,278,124,212,379,94,126,200,188,596,102,392,374,58,461,391,93,270,381,92,158,0,88,252,50,143,100,116,272,110,202,133,60,203,36,62,195,431,271,165,110,151,276,86,215,75,148,163,69,92,97,200,173,58,146,221,101,223,101,121,316,191,120,122,110,228,109,150,670,199,411,123,188,172,481,183,110,268,284,40,539,99,391,386,310,611,95,65,287,51,316,247,54,238,204,242,346,156,268,93,306,199,284,64,434,307,167,266,222,90,122,218,693,142,390,113,91,86,527,87,254,142,110,143,125,145,179,365,121,228,342,257,431,98,170,144,434,199,217,240,404,278,178,87,498,260,267,336,0,217,264,463,100,323,434,321,33,161,147,103,136,140,36,298,210,218,95,222,360,328,322,0,138,277,50,117,214,90,518,328,71,464,160,136,116,457,86,349,2,209,274,265,468,230,134,348,463,141,174,175,355,98,226,109,534,539,34,168,190,315,116,204,229,91,175,192,347,329,566,95,230,213,100,74,128,319,326,332,195,292,190,230,121,174,52,401,96,100,113,68,78,782,473,175,200,145,185,38,93,199,188,94,51,135,591,392,267,302,256,171,128,162,218,69,262,146,309,139,72,239,505,229,189,154,364,89,303,68,94,527,382,150,77,235,113,186,294,198,110,206,337,199,108,379,628,208,244,133,300,258,306,383,135,319,179,93,110,285,52,175,107,246,435,162,89,128,144,68,169,76,106,286,87,195,471,0,129,268,127,98,132,313,162,102,39,272,94,131,72,93,387,232,178,379,83,134,136,91,119,198,118,485,119,71,177,328,109,286,719,70,125,238,117,294,230,128,107,164,84,182,210,481,233,344,251,242,74,279,254,278,192,249,360,144,278,4,520,94,221,200,183
4_Region4,110,48,306,46,172,61,28,168,117,56,52,143,71,27,273,73,33,147,109,104,44,39,40,41,117,69,120,175,83,50,195,68,24,41,25,72,76,69,88,20,162,127,44,33,15,26,197,225,52,252,78,42,77,134,31,35,149,80,91,41,54,55,49,54,62,97,218,158,105,86,67,57,149,54,17,117,69,18,101,54,21,34,0,123,36,194,48,142,101,89,73,26,83,94,32,190,30,107,113,117,155,157,109,30,85,19,83,208,54,32,242,54,61,74,153,15,43,25,30,51,100,139,274,80,134,237,56,81,56,78,72,71,53,56,56,7,55,82,21,222,46,22,109,33,65,37,118,25,78,150,83,140,94,74,212,228,74,224,62,88,41,43,86,89,90,42,53,56,85,40,125,119,99,27,62,129,97,134,66,85,97,151,114,38,48,86,20,359,29,53,234,70,38,94,583,155,34,32,112,232,221,18,88,37,243,140,25,166,98,179,35,105,114,58,256,81,55,51,65,56,131,32,46,165,52,190,160,95,7,88,107,177,83,56,35,32,57,18,46,53,76,62,101,70,81,32,244,307,70,196,147,40,53,60,70,72,86,74,54,98,58,47,37,52,94,56,60,32,38,104,155,128,138,84,24,13,72,107,186,26,133,41,36,99,114,74,153,38,50,18,103,102,241,40,156,116,95,66,74,42,58,57,317,49,44,88,39,25,92,38,115,102,152,83,35,62,0,26,32,30,151,87,101,28,44,155,153,133,60,111,61,66,16,81,91,69,116,49,156,84,13,113,123,49,239,55,93,144,75,220,84,191,52,81,135,20,48,75,32,113,52,16,108,53,26,63,35,29,68,253,30,48,222,89,100,194,56,394,28,78,94,38,194,109,16,68,126,88,48,148,16,131,267,52,113,32,65,194,90,70,159,164,80,79,82,240,26,134,16,46,104,29,123,176,57,41,89,84,149,33,199,243,67,42,155,33,89,174,8,67,84,27,103,42,54,73,92,73,23,98,63,14,175,29,38,105,27,70,40,77,68,96,61,120,41,72,51,77,70,78,101,112,49,85,82,106,41,13,23,97,147,75,81,24,49,30,56,367,119,171,6,51,42,64,131,32,139,189,28,325,44,155,97,165,280,38,27,113,73,60,75,70,80,41,80,159,118,157,47,92,111,128,32,156,71,11,155,113,37,42,64,198,264,162,18,67,102,176,62,25,33,46,64,24,45,52,208,23,92,156,69,214,43,89,49,156,106,21,31,177,161,55,54,165,113,168,141,69,86,106,38,71,128,186,187,32,48,28,45,67,42,40,83,34,62,40,54,327,145,141,75,68,127,24,23,83,31,201,157,79,199,98,67,49,202,44,127,39,59,182,127,429,63,65,44,38,32,78,64,73,41,124,72,267,223,48,30,82,75,62,145,58,47,42,76,60,327,312,21,64,100,26,23,46,89,81,142,146,121,63,129,140,95,45,133,65,16,74,28,32,387,170,84,54,123,54,43,36,24,58,57,15,26,310,126,117,206,104,77,84,36,103,77,41,74,95,45,56,152,106,244,103,28,142,53,212,21,38,176,38,67,51,169,18,43,120,55,56,0,201,24,26,101,273,93,99,42,60,109,322,107,62,122,92,47,35,107,32,105,26,84,172,46,18,22,45,25,123,12,14,44,62,101,194,84,118,93,62,46,0,167,30,25,38,191,38,25,42,61,198,97,36,82,57,52,51,30,40,92,79,298,49,60,91,153,66,121,195,63,68,50,82,154,70,22,81,90,20,18,110,255,83,156,51,62,51,95,45,104,64,112,327,58,35,64,208,54,75,101,116
5_Region5,223,104,292,40,200,0,6,219,141,12,101,110,51,44,312,156,19,88,2,20,57,31,73,66,89,68,96,120,74,58,170,10,38,22,33,94,52,134,0,32,232,164,24,24,22,63,136,29,56,186,12,30,104,134,79,48,175,120,57,58,28,24,83,26,64,74,189,234,106,76,95,107,68,52,40,100,46,22,74,54,44,44,22,90,93,108,72,70,57,6,65,24,60,56,76,62,10,80,92,104,110,104,78,122,78,10,116,182,27,30,68,34,45,120,202,48,56,48,30,53,149,99,204,14,142,221,69,56,68,12,42,2,66,43,67,48,42,86,20,140,52,46,21,27,28,42,86,117,75,133,68,117,76,49,237,169,48,166,51,84,64,50,16,96,64,39,81,67,52,52,73,130,68,31,44,90,99,259,56,90,126,126,96,69,36,68,18,338,46,28,19,59,17,51,458,88,20,12,107,196,204,24,65,66,239,98,4,170,54,37,16,97,120,94,252,62,20,52,103,42,128,25,57,140,26,62,140,93,48,62,146,169,68,28,12,14,48,74,76,38,80,64,105,62,116,62,124,180,26,142,79,24,54,27,41,76,52,62,52,83,32,43,32,44,94,93,18,36,32,91,150,145,113,54,34,32,84,76,120,44,141,54,38,52,80,74,168,6,72,33,102,108,234,85,120,88,90,40,62,50,64,36,66,126,49,68,36,44,66,20,34,59,47,72,28,52,50,34,41,24,81,7,59,28,6,112,132,147,86,16,34,38,245,82,96,14,173,40,85,54,22,137,64,60,201,37,61,163,58,84,59,168,26,116,55,32,14,99,30,75,93,34,45,64,63,68,82,38,82,207,10,94,36,54,88,186,39,367,50,75,29,62,115,123,52,67,115,146,24,114,16,122,206,70,117,22,22,186,63,69,135,234,51,95,95,270,6,128,40,26,116,46,90,174,52,56,75,7,102,36,247,230,50,154,164,69,56,168,58,34,2,68,124,20,72,30,54,94,12,78,20,26,100,34,44,83,84,31,30,54,37,17,24,90,44,56,74,62,57,53,57,65,50,76,57,106,54,18,36,84,48,33,28,70,40,30,34,269,80,126,14,50,50,34,82,24,58,164,53,411,47,164,128,129,186,46,40,92,38,107,72,65,120,92,95,135,87,122,53,160,80,60,14,105,96,28,134,55,30,42,22,140,119,195,92,48,84,228,54,9,13,22,29,48,7,93,100,36,60,131,43,105,55,96,80,105,44,30,43,126,0,36,43,292,109,86,64,50,57,130,14,60,117,97,135,10,4,50,45,50,32,10,133,22,45,44,34,354,93,190,70,65,71,33,60,87,38,99,66,46,97,124,50,34,224,49,112,8,75,156,54,370,68,22,98,14,16,48,26,49,52,95,6,169,172,59,40,102,83,48,116,77,52,70,45,118,194,359,22,26,99,34,86,12,118,118,152,88,31,70,156,117,88,27,132,66,25,63,14,20,352,189,151,88,79,54,26,34,42,72,52,18,24,230,158,137,153,83,68,70,89,109,62,95,44,64,45,69,47,186,260,157,26,184,66,121,17,25,228,133,64,28,135,46,8,67,123,32,26,110,42,50,163,84,60,35,15,142,90,307,68,67,108,52,53,30,140,37,30,44,61,200,38,24,34,52,22,104,24,34,125,54,82,108,2,87,48,48,51,54,128,27,14,34,124,64,32,49,98,152,69,16,72,50,18,41,56,24,2,46,214,12,26,76,114,98,67,260,24,26,18,22,110,48,34,24,64,6,76,62,207,68,44,74,142,45,98,77,116,102,122,354,78,78,50,176,44,82,57,119
6_Region6,110,48,306,46,172,61,28,168,117,56,52,143,71,27,273,73,33,147,109,104,44,39,40,41,117,69,120,175,83,50,195,68,24,41,25,72,76,69,88,20,162,127,44,33,15,26,197,225,52,252,78,42,77,134,31,35,149,80,91,41,54,55,49,54,62,97,218,158,105,86,67,57,149,54,17,117,69,18,101,54,21,34,0,123,36,194,48,142,101,89,73,26,83,94,32,190,30,107,113,117,155,157,109,30,85,19,83,208,54,32,242,54,61,74,153,15,43,25,30,51,100,139,274,80,134,237,56,81,56,78,72,71,53,56,56,7,55,82,21,222,46,22,109,33,65,37,118,25,78,150,83,140,94,74,212,228,74,224,62,88,41,43,86,89,90,42,53,56,85,40,125,119,99,27,62,129,97,134,66,85,97,151,114,38,48,86,20,359,29,53,234,70,38,94,583,155,34,32,112,232,221,18,88,37,243,140,25,166,98,179,35,105,114,58,256,81,55,51,65,56,131,32,46,165,52,190,160,95,7,88,107,177,83,56,35,32,57,18,46,53,76,62,101,70,81,32,244,307,70,196,147,40,53,60,70,72,86,74,54,98,58,47,37,52,94,56,60,32,38,104,155,128,138,84,24,13,72,107,186,26,133,41,36,99,114,74,153,38,50,18,103,102,241,40,156,116,95,66,74,42,58,57,317,49,44,88,39,25,92,38,115,102,152,83,35,62,0,26,32,30,151,87,101,28,44,155,153,133,60,111,61,66,16,81,91,69,116,49,156,84,13,113,123,49,239,55,93,144,75,220,84,191,52,81,135,20,48,75,32,113,52,16,108,53,26,63,35,29,68,253,30,48,222,89,100,194,56,394,28,78,94,38,194,109,16,68,126,88,48,148,16,131,267,52,113,32,65,194,90,70,159,164,80,79,82,240,26,134,16,46,104,29,123,176,57,41,89,84,149,33,199,243,67,42,155,33,89,174,8,67,84,27,103,42,54,73,92,73,23,98,63,14,175,29,38,105,27,70,40,77,68,96,61,120,41,72,51,77,70,78,101,112,49,85,82,106,41,13,23,97,147,75,81,24,49,30,56,367,119,171,6,51,42,64,131,32,139,189,28,325,44,155,97,165,280,38,27,113,73,60,75,70,80,41,80,159,118,157,47,92,111,128,32,156,71,11,155,113,37,42,64,198,264,162,18,67,102,176,62,25,33,46,64,24,45,52,208,23,92,156,69,214,43,89,49,156,106,21,31,177,161,55,54,165,113,168,141,69,86,106,38,71,128,186,187,32,48,28,45,67,42,40,83,34,62,40,54,327,145,141,75,68,127,24,23,83,31,201,157,79,199,98,67,49,202,44,127,39,59,182,127,429,63,65,44,38,32,78,64,73,41,124,72,267,223,48,30,82,75,62,145,58,47,42,76,60,327,312,21,64,100,26,23,46,89,81,142,146,121,63,129,140,95,45,133,65,16,74,28,32,387,170,84,54,123,54,43,36,24,58,57,15,26,310,126,117,206,104,77,84,36,103,77,41,74,95,45,56,152,106,244,103,28,142,53,212,21,38,176,38,67,51,169,18,43,120,55,56,0,201,24,26,101,273,93,99,42,60,109,322,107,62,122,92,47,35,107,32,105,26,84,172,46,18,22,45,25,123,12,14,44,62,101,194,84,118,93,62,46,0,167,30,25,38,191,38,25,42,61,198,97,36,82,57,52,51,30,40,92,79,298,49,60,91,153,66,121,195,63,68,50,82,154,70,22,81,90,20,18,110,255,83,156,51,62,51,95,45,104,64,112,327,58,35,64,208,54,75,101,116
7_Region7,14,0,310,2,42,2,0,58,32,12,12,125,26,2,187,10,2,46,46,34,10,16,18,4,46,4,18,41,10,2,235,8,6,2,10,10,26,10,4,6,150,54,12,0,4,12,215,66,6,46,15,8,2,116,10,0,106,0,6,14,0,6,6,14,8,20,32,16,8,21,28,32,24,24,44,24,0,4,56,42,6,10,4,30,22,259,8,16,12,96,6,14,62,18,2,42,6,30,18,47,14,149,74,62,18,2,0,58,4,46,94,2,20,85,12,5,6,0,1,8,44,123,330,58,82,308,8,40,2,15,6,69,40,10,6,2,25,134,2,250,6,4,38,4,4,8,38,10,41,38,32,75,2,4,149,138,22,18,8,80,14,18,12,16,10,2,8,32,5,20,20,118,52,2,10,24,35,65,50,4,40,2,140,25,14,4,2,92,8,0,60,12,0,70,280,34,0,11,39,32,335,38,50,32,151,14,4,26,18,28,4,10,69,10,340,1,4,4,162,24,26,2,92,34,0,42,50,10,2,38,80,18,22,6,6,56,66,0,32,26,34,8,67,12,152,14,102,121,2,124,10,2,38,4,36,36,14,14,2,28,2,82,4,48,2,83,10,2,0,98,27,129,20,14,11,8,2,18,60,18,26,22,14,44,32,88,71,8,64,2,116,28,27,25,22,58,18,41,14,19,8,73,178,8,6,4,2,4,26,12,28,16,155,28,24,30,6,8,0,8,39,38,6,22,0,187,98,11,16,11,4,20,384,30,34,0,44,2,49,14,2,49,40,22,269,0,14,106,18,78,0,225,8,152,80,0,16,2,46,0,126,8,6,2,12,2,54,4,29,98,6,58,116,2,28,8,0,106,0,41,24,10,60,22,40,32,90,34,6,92,2,124,303,16,12,6,0,8,10,58,10,35,4,58,98,122,9,86,2,34,2,8,30,48,50,16,107,64,50,24,351,171,40,6,12,14,18,54,2,22,22,6,28,18,6,12,98,15,0,92,4,8,107,18,16,32,0,6,14,14,10,24,76,38,18,38,10,0,50,78,12,16,28,127,22,64,4,0,6,22,19,40,8,0,42,0,4,142,112,6,4,6,14,0,164,6,24,325,14,134,16,12,26,102,191,8,40,18,8,10,39,38,69,8,32,10,35,91,16,80,14,28,56,12,12,0,85,90,26,4,3,24,48,86,10,16,12,46,12,2,10,2,14,2,0,126,97,6,12,2,10,110,8,16,12,12,0,0,8,36,20,10,0,223,94,80,62,82,93,20,2,110,24,195,40,8,8,0,6,44,4,14,2,6,8,20,8,214,12,28,2,10,4,8,25,22,2,10,66,50,302,14,44,10,194,2,48,2,0,96,14,28,2,12,33,2,6,4,2,8,18,64,2,113,24,42,4,14,16,67,70,2,90,20,12,18,156,206,6,4,56,8,12,0,100,78,23,56,12,14,31,75,2,4,10,8,0,20,8,4,34,28,69,14,11,17,14,10,2,6,50,0,14,230,22,42,188,40,30,6,2,32,0,2,36,41,12,8,155,6,50,16,6,135,40,127,4,6,46,10,6,7,197,0,6,23,30,40,8,141,2,6,161,78,68,8,36,40,122,82,18,60,42,4,16,12,30,50,71,30,10,42,0,4,10,8,2,62,4,0,12,12,82,259,22,10,4,4,16,2,205,6,0,12,199,42,0,0,24,162,32,10,20,14,8,32,6,4,74,0,128,18,40,34,10,14,36,36,16,20,6,22,83,20,10,28,10,12,4,10,216,22,98,8,36,46,13,0,2,22,70,214,36,12,0,45,8,10,12,138
8_Region8,627,761,2051,276,1152,356,119,842,590,247,217,684,389,802,1989,1150,286,1005,1338,1353,844,505,449,695,571,792,608,922,480,327,981,346,115,312,375,514,317,752,457,398,1018,1115,248,616,231,375,949,1656,243,1765,1335,327,764,1243,370,312,1542,490,1277,298,320,375,662,309,392,568,1136,1526,782,463,421,792,660,428,263,1060,388,256,310,188,505,456,262,617,396,1413,497,791,484,490,256,195,473,508,1153,547,307,839,695,672,1080,767,463,677,585,322,1060,1021,229,152,1183,989,425,451,1639,225,826,387,410,588,879,781,1344,172,767,1297,357,629,530,1335,336,605,360,604,497,448,540,698,319,1229,364,617,1561,259,189,376,381,584,1119,914,509,922,689,402,1669,841,997,1423,375,555,527,611,544,639,542,498,613,545,686,480,667,599,538,444,322,844,683,1100,386,1748,797,1511,551,337,206,417,348,2225,271,609,1674,624,364,490,3027,817,561,190,715,1598,1149,182,292,416,1419,1270,457,1394,239,1348,965,611,1014,587,1298,531,423,804,636,237,668,1275,317,1209,454,547,956,530,448,742,900,1328,1201,362,445,205,363,692,440,234,870,392,706,721,881,467,1552,1720,280,915,632,444,366,463,298,527,502,599,348,648,484,280,458,217,533,748,156,459,184,734,1186,814,482,776,300,238,750,1180,964,489,814,410,286,328,569,471,919,420,332,269,470,649,809,864,1377,555,633,585,599,490,539,282,1288,503,829,777,571,269,709,249,576,636,787,673,283,1152,399,274,313,392,607,359,1250,381,887,675,47,843,547,340,401,124,1216,451,310,769,1504,328,1791,776,238,1356,533,307,1391,328,868,666,537,1092,685,849,436,881,555,399,277,531,152,470,480,213,549,517,375,739,296,252,379,1008,307,466,1381,905,619,1099,880,1287,438,1119,767,424,1091,811,364,680,611,1087,335,676,92,645,1276,660,1004,218,620,1099,744,381,1119,1117,645,607,845,1747,227,1065,380,414,1245,271,617,1314,291,315,404,358,1449,245,1122,1258,292,1099,900,400,613,888,261,648,417,337,799,268,487,279,353,485,230,571,548,281,831,280,253,240,1602,796,313,236,395,671,215,644,222,328,1194,186,294,365,484,593,311,544,617,396,899,223,273,793,601,480,467,271,574,343,386,855,733,1279,308,588,438,924,535,285,593,1071,205,2479,272,900,1190,576,1826,304,244,695,377,715,439,345,602,449,752,1119,641,923,372,916,595,270,205,842,882,334,801,652,185,276,515,2205,1306,1177,428,414,429,1812,434,443,480,334,472,447,555,480,286,273,572,821,547,1080,409,639,419,842,427,590,388,1072,773,424,329,1288,510,668,1018,248,449,688,1106,343,936,1218,976,304,375,438,327,235,279,253,764,572,1010,217,615,2300,1538,699,938,589,372,230,293,548,92,1294,652,310,1548,746,235,372,1281,388,944,537,621,1084,445,2437,739,560,748,1106,195,515,293,662,352,414,451,1782,1578,275,382,754,867,369,657,750,423,589,362,880,1939,1868,441,861,658,274,404,257,1091,912,1003,753,606,620,982,922,449,282,1279,442,324,665,308,225,2550,1022,617,683,997,496,430,317,385,393,291,319,195,1872,1077,743,1005,625,424,591,511,766,186,660,229,780,356,357,787,1022,1513,941,406,632,360,781,472,145,1812,887,647,420,1213,257,284,670,670,272,308,1130,385,309,1146,1475,591,924,479,752,595,1916,974,336,742,475,372,338,654,191,427,286,763,1152,331,222,243,609,652,664,391,338,654,434,647,1413,417,692,550,462,388,455,812,463,312,210,1124,285,274,292,637,1075,848,434,690,288,347,323,238,231,607,426,1947,509,228,669,1507,893,658,1596,675,292,519,353,874,545,243,218,542,200,432,808,1916,1201,1211,566,777,250,778,442,1245,678,777,2300,324,602,324,1450,267,519,484,490
9_Region9,463,227,709,165,240,183,45,395,195,81,141,281,178,91,863,157,108,265,375,489,134,194,247,146,202,269,188,330,283,116,337,135,64,45,70,203,124,82,124,63,577,382,76,137,90,153,301,581,109,454,259,52,220,358,64,98,362,189,220,218,78,54,286,65,133,149,362,342,187,90,217,268,222,165,91,138,173,67,98,123,109,178,61,238,154,313,185,331,226,110,128,125,165,154,148,192,116,283,197,325,386,82,159,278,263,78,301,366,126,175,333,120,250,159,242,160,256,248,82,131,605,283,599,121,363,184,137,151,196,259,40,120,182,182,204,129,214,188,123,424,102,146,472,154,112,182,247,140,365,247,147,227,193,88,669,438,199,511,123,171,238,282,99,226,115,161,225,172,193,166,242,225,226,92,147,271,239,415,132,606,236,361,149,150,94,175,121,761,85,67,508,113,45,23,1102,312,50,93,208,684,506,24,118,157,255,389,96,384,204,442,92,321,275,329,552,114,122,277,132,135,369,56,106,215,69,192,301,285,129,337,417,190,119,83,97,117,116,241,117,95,277,133,311,136,173,219,450,437,30,322,137,133,127,158,101,329,164,230,173,250,253,109,228,78,264,337,230,157,70,191,755,306,251,219,132,53,118,340,379,172,292,145,96,217,220,204,377,132,103,124,195,389,440,189,497,256,167,178,230,128,227,82,397,123,112,177,164,183,207,66,241,225,342,160,67,361,174,116,106,151,179,207,486,113,128,164,299,332,97,315,120,42,580,215,121,185,499,99,728,219,51,411,283,137,237,70,79,335,97,237,195,266,147,173,153,131,103,228,175,149,169,91,231,125,153,128,143,49,97,261,116,210,416,147,375,253,204,575,159,365,152,118,247,269,159,202,317,398,60,256,71,302,329,279,147,74,114,253,295,205,208,373,108,298,205,527,45,301,129,148,294,85,238,310,190,107,209,173,258,91,332,391,107,229,374,168,182,288,133,188,104,261,314,68,122,178,275,194,72,237,200,97,258,137,55,233,317,250,184,146,138,221,109,196,52,164,171,176,146,121,226,192,103,178,166,230,115,117,24,453,245,243,93,35,205,80,124,341,342,279,77,183,222,131,211,136,245,417,87,608,89,374,233,292,511,56,77,197,110,182,124,127,242,163,269,208,280,331,214,550,107,231,117,340,174,30,435,242,57,56,66,625,213,312,71,202,171,705,103,64,126,150,241,186,129,169,235,24,230,267,170,396,140,226,124,340,172,0,330,208,257,170,167,632,213,477,187,144,147,222,59,169,315,460,379,172,129,159,45,75,139,85,525,284,85,132,295,565,289,386,191,156,227,99,138,80,136,326,309,140,536,266,75,250,393,179,317,169,160,211,184,738,128,159,271,59,111,57,192,195,120,202,68,412,769,145,119,242,231,249,271,174,103,94,274,156,462,547,285,416,308,116,207,123,399,344,281,266,346,154,409,227,245,124,153,90,74,210,89,54,811,513,238,178,45,230,90,88,81,130,190,72,125,486,490,236,472,350,195,219,191,379,176,295,184,231,162,137,342,236,428,216,244,402,182,379,128,64,705,139,190,102,393,86,99,107,241,129,150,323,81,81,378,433,323,237,138,347,271,745,234,233,262,168,214,75,368,156,222,128,113,240,246,51,141,250,90,194,97,56,216,103,228,313,104,160,192,264,207,71,355,80,63,112,352,107,111,92,248,246,91,140,192,96,117,91,105,149,221,83,475,200,90,172,437,380,189,363,233,123,240,104,401,155,141,98,115,107,187,131,617,119,363,281,301,49,166,103,294,134,260,565,177,282,220,376,86,161,226,196
10_Region10,178,224,585,84,386,99,56,278,337,89,68,286,76,61,715,221,43,466,540,472,98,117,171,121,254,135,372,430,154,145,496,75,85,90,57,134,138,127,95,82,465,392,134,219,67,95,497,390,63,466,242,84,190,505,154,82,553,229,392,92,153,119,187,80,72,193,420,356,200,219,224,217,396,120,106,228,160,77,273,164,44,129,53,219,196,519,135,235,139,213,90,126,248,122,264,275,71,211,191,276,270,342,201,251,173,67,212,500,57,139,420,371,113,215,320,86,211,42,102,98,260,396,651,121,314,490,106,128,196,242,75,146,147,171,111,49,130,338,68,416,181,47,297,74,91,86,145,100,237,341,239,284,205,168,475,510,225,347,74,253,166,58,64,220,145,72,265,145,149,106,131,294,136,101,89,258,182,295,165,340,247,368,253,93,90,97,79,707,88,152,545,191,126,149,1253,387,126,51,238,446,632,52,124,204,366,392,107,370,80,498,213,271,276,233,637,200,164,223,187,108,204,131,185,253,113,275,310,103,49,209,339,356,193,109,86,82,198,95,169,114,303,72,162,257,347,167,294,626,86,338,250,77,137,73,130,148,154,160,139,160,132,145,170,147,120,243,133,138,60,304,363,181,336,221,84,45,147,262,183,72,231,77,91,139,163,121,269,182,143,146,202,252,263,248,470,203,86,152,160,107,103,167,698,141,201,216,224,119,167,113,166,142,323,219,124,223,139,108,99,90,170,182,228,159,79,240,127,326,159,467,88,133,563,155,133,180,403,116,469,221,68,367,151,127,489,84,208,345,108,366,206,448,65,347,171,116,104,224,139,190,252,52,160,83,95,208,137,97,255,413,71,158,342,86,265,424,248,711,127,237,245,129,318,235,161,205,222,191,94,243,54,326,502,132,239,76,134,424,143,141,240,412,229,212,230,584,92,362,104,73,273,88,219,335,155,82,184,123,534,112,408,401,114,119,284,103,320,356,66,255,102,57,270,54,151,42,137,323,35,181,178,30,286,84,106,128,381,273,83,138,62,154,144,225,116,188,218,77,162,271,139,158,181,177,81,149,141,143,71,252,214,161,155,74,281,81,125,604,277,323,95,144,99,227,268,117,206,443,93,914,67,284,248,328,615,133,87,191,95,385,185,167,198,86,298,240,156,292,107,432,197,262,82,286,265,120,251,345,80,116,91,513,258,427,130,171,86,269,108,161,84,136,100,30,116,252,409,71,209,311,324,620,70,220,145,286,166,77,196,346,228,125,103,794,166,196,356,207,178,191,138,127,378,420,395,51,126,127,86,163,102,65,250,105,324,73,120,709,431,331,116,81,158,68,59,241,42,241,242,140,540,170,163,97,533,134,251,90,119,392,186,917,208,84,238,138,95,89,98,181,94,230,144,541,427,110,94,219,222,140,260,248,123,267,128,141,448,641,144,120,241,108,127,45,390,270,221,247,313,165,281,284,145,88,315,111,73,228,92,74,777,294,280,312,265,128,102,68,83,65,155,93,126,615,274,317,286,245,153,169,200,247,77,265,201,226,97,106,323,405,566,227,86,277,147,307,83,100,269,318,172,69,234,141,80,199,212,197,135,322,83,135,281,472,179,281,214,361,298,583,384,177,198,131,107,163,193,76,166,131,189,386,112,55,59,119,123,254,85,117,241,108,241,519,102,258,122,132,113,51,324,117,92,33,430,172,28,83,97,340,142,101,164,139,134,175,56,59,194,133,332,143,42,309,357,265,300,529,224,91,96,198,276,198,59,115,145,57,127,200,626,193,277,204,219,84,284,126,273,228,246,709,141,287,115,413,146,133,139,239
11_Region11,2,4,190,14,49,4,0,59,28,0,4,60,2,2,175,37,0,43,54,48,0,16,8,10,28,6,26,43,24,10,63,0,5,2,2,6,33,0,0,10,64,32,4,6,2,4,151,38,8,49,12,4,2,49,62,0,171,30,10,10,8,14,8,6,0,32,56,14,43,20,16,0,30,10,14,6,8,4,64,34,0,4,2,18,16,100,18,12,16,63,2,0,44,4,10,56,4,12,36,69,20,110,60,81,21,25,8,44,2,32,40,2,16,58,6,2,6,0,0,8,32,70,124,14,59,152,0,36,2,12,0,48,14,10,8,10,16,126,6,172,16,2,0,0,4,0,30,0,14,38,34,28,14,8,131,86,2,12,4,36,18,8,6,17,6,0,14,2,0,14,12,43,44,6,8,24,4,2,20,28,4,46,26,34,0,2,0,140,12,6,6,0,4,30,291,50,2,0,12,34,270,34,14,22,0,25,0,57,4,12,0,2,50,40,200,2,2,18,12,6,16,0,38,8,0,56,70,65,10,69,0,12,4,4,4,20,44,6,14,12,20,0,72,11,41,22,54,46,0,52,4,0,18,10,42,72,14,12,8,38,12,20,8,0,2,80,10,0,0,40,26,64,117,12,4,8,8,36,43,4,36,18,2,42,40,16,62,12,22,14,32,8,44,12,8,81,0,44,12,12,4,26,216,4,24,20,8,12,22,21,18,31,89,12,2,14,25,10,10,20,12,4,10,0,4,57,0,14,10,2,2,8,86,52,24,10,6,0,4,12,0,16,44,16,40,0,80,50,12,34,0,70,4,41,64,0,2,2,32,33,40,0,0,2,4,4,14,0,51,24,4,34,2,8,77,74,2,98,2,14,24,2,28,18,51,16,58,2,4,0,0,6,218,6,34,4,4,74,26,36,4,46,16,30,61,132,8,90,0,18,5,12,18,26,8,12,80,4,43,12,94,107,10,4,20,26,27,86,0,6,27,0,12,20,4,0,36,0,2,36,18,8,60,10,16,48,10,31,4,16,2,26,8,22,6,27,0,40,12,17,16,4,24,64,2,34,2,2,0,38,22,50,2,4,32,4,2,53,86,69,2,64,6,16,44,0,8,117,0,170,0,20,4,79,81,1,24,36,0,6,36,27,56,0,40,4,60,58,0,62,71,30,20,2,8,6,34,42,18,2,2,30,12,132,2,47,4,0,12,4,4,6,56,4,12,40,54,0,18,70,2,50,6,17,4,2,4,0,20,6,33,14,4,138,38,50,29,32,90,10,0,38,30,162,62,0,14,2,0,32,10,35,10,2,14,2,18,200,42,114,4,20,12,0,18,51,0,18,36,6,128,0,32,34,114,10,72,0,0,8,12,265,4,2,12,0,0,6,0,8,2,16,10,47,30,36,12,38,0,29,42,6,8,54,20,0,119,80,2,0,14,10,4,0,16,120,34,16,34,2,90,28,2,2,0,0,0,2,10,2,22,34,33,73,0,68,4,2,2,6,8,0,0,140,4,57,96,38,14,25,28,24,40,10,32,47,2,0,89,20,104,24,8,83,14,22,4,2,0,20,2,8,77,0,2,10,18,22,4,2,2,8,150,14,43,26,0,193,98,60,6,72,0,14,0,39,38,16,40,26,36,49,10,2,6,8,4,52,6,0,2,12,0,100,27,8,2,6,14,4,58,2,2,24,1,38,0,6,4,73,20,12,6,42,18,16,2,16,37,32,46,10,22,10,33,8,8,68,12,8,38,14,30,34,6,16,6,0,2,14,8,4,136,12,12,8,40,2,5,10,5,200,14,40,26,68,32,2,16,23
12_Region12,226,66,939,94,446,74,22,354,225,60,70,302,127,609,1011,26,72,384,449,359,78,133,182,78,318,68,307,340,185,64,555,36,53,46,50,188,125,196,91,66,405,291,130,69,42,82,464,527,97,573,114,84,125,232,157,44,445,150,74,134,94,54,150,8,120,180,432,422,286,266,211,269,246,82,104,130,101,34,235,124,49,171,50,169,117,591,131,159,183,208,118,65,189,77,63,212,26,299,225,372,348,382,300,303,156,51,114,525,20,156,456,50,109,391,116,96,183,74,108,126,339,318,824,106,286,515,56,303,116,114,64,202,178,197,92,80,138,420,50,610,80,40,253,58,42,80,187,32,268,326,180,438,117,131,808,568,158,485,82,258,164,220,64,323,180,57,130,120,169,108,112,348,94,100,74,307,194,413,233,224,205,285,253,76,40,71,64,581,67,52,470,184,68,175,861,342,30,88,326,443,710,155,142,242,530,232,83,543,174,389,50,158,370,189,807,163,42,172,275,134,262,61,173,328,44,212,394,200,80,289,489,333,279,86,68,115,210,94,139,161,228,120,331,96,341,59,501,634,52,397,218,26,114,164,156,191,130,177,117,65,140,170,125,135,180,264,107,65,26,315,445,320,386,229,42,84,93,161,356,133,367,106,96,166,218,232,373,88,136,61,88,218,429,221,523,259,171,215,177,154,80,80,814,264,151,166,88,65,194,126,184,280,306,178,117,209,248,80,101,101,206,6,84,90,69,208,44,319,160,138,102,122,880,173,220,38,2,156,530,229,80,272,113,119,736,30,152,315,34,316,94,316,50,341,150,58,158,158,156,196,269,88,160,90,82,107,90,72,184,462,26,259,415,201,261,483,158,661,57,268,159,24,437,302,208,189,214,468,66,158,51,250,713,184,236,72,88,483,154,177,110,567,82,262,255,660,73,564,32,114,157,67,169,424,138,94,222,158,534,153,634,587,167,146,324,140,230,315,33,155,161,42,295,88,178,14,232,164,40,163,145,48,386,40,78,147,90,100,48,138,116,302,167,110,73,131,186,139,107,149,183,151,175,168,120,221,112,62,58,151,76,211,124,30,247,16,91,379,329,412,48,79,71,96,246,78,244,543,68,892,60,324,330,428,891,67,137,225,16,127,232,194,276,70,336,110,388,465,109,326,198,279,115,260,107,52,537,360,97,66,116,624,439,452,135,134,96,675,116,18,22,81,50,61,714,269,534,58,108,455,196,467,60,323,60,260,130,2,67,283,259,84,44,638,515,359,322,202,288,323,74,199,120,706,443,74,92,57,32,114,108,96,212,80,306,106,170,916,273,251,74,160,87,67,172,241,44,192,299,186,578,178,114,93,717,176,413,102,80,192,221,968,107,95,250,74,32,64,68,128,140,218,54,476,423,106,46,157,130,182,248,246,121,154,147,238,867,854,72,30,337,80,69,25,398,201,335,287,271,168,245,438,171,28,178,159,82,200,58,42,440,347,285,141,212,150,26,72,38,81,138,40,65,649,218,365,424,272,203,78,150,345,139,205,101,413,92,56,306,98,557,277,96,457,178,448,70,146,675,164,170,82,526,91,132,156,228,168,112,311,38,104,486,446,163,153,136,336,256,760,98,162,194,102,109,32,295,129,196,130,171,446,86,64,40,92,322,220,26,76,159,116,272,591,161,148,164,143,88,78,254,56,18,76,560,81,42,25,187,519,154,112,282,111,69,186,59,51,300,202,579,127,84,278,167,167,262,430,167,126,134,228,280,146,40,160,180,84,20,104,736,279,558,147,363,92,160,66,157,247,247,916,144,252,150,448,80,120,183,323
13_Region13,226,66,939,94,446,74,22,354,225,60,70,302,127,609,1011,26,72,384,449,359,78,133,182,78,318,68,307,340,185,64,555,36,53,46,50,188,125,196,91,66,405,291,130,69,42,82,464,527,97,573,114,84,125,232,157,44,445,150,74,134,94,54,150,8,120,180,432,422,286,266,211,269,246,82,104,130,101,34,235,124,49,171,50,169,117,591,131,159,183,208,118,65,189,77,63,212,26,299,225,372,348,382,300,303,156,51,114,525,20,156,456,50,109,391,116,96,183,74,108,126,339,318,824,106,286,515,56,303,116,114,64,202,178,197,92,80,138,420,50,610,80,40,253,58,42,80,187,32,268,326,180,438,117,131,808,568,158,485,82,258,164,220,64,323,180,57,130,120,169,108,112,348,94,100,74,307,194,413,233,224,205,285,253,76,40,71,64,581,67,52,470,184,68,175,861,342,30,88,326,443,710,155,142,242,530,232,83,543,174,389,50,158,370,189,807,163,42,172,275,134,262,61,173,328,44,212,394,200,80,289,489,333,279,86,68,115,210,94,139,161,228,120,331,96,341,59,501,634,52,397,218,26,114,164,156,191,130,177,117,65,140,170,125,135,180,264,107,65,26,315,445,320,386,229,42,84,93,161,356,133,367,106,96,166,218,232,373,88,136,61,88,218,429,221,523,259,171,215,177,154,80,80,814,264,151,166,88,65,194,126,184,280,306,178,117,209,248,80,101,101,206,6,84,90,69,208,44,319,160,138,102,122,880,173,220,38,2,156,530,229,80,272,113,119,736,30,152,315,34,316,94,316,50,341,150,58,158,158,156,196,269,88,160,90,82,107,90,72,184,462,26,259,415,201,261,483,158,661,57,268,159,24,437,302,208,189,214,468,66,158,51,250,713,184,236,72,88,483,154,177,110,567,82,262,255,660,73,564,32,114,157,67,169,424,138,94,222,158,534,153,634,587,167,146,324,140,230,315,33,155,161,42,295,88,178,14,232,164,40,163,145,48,386,40,78,147,90,100,48,138,116,302,167,110,73,131,186,139,107,149,183,151,175,168,120,221,112,62,58,151,76,211,124,30,247,16,91,379,329,412,48,79,71,96,246,78,244,543,68,892,60,324,330,428,891,67,137,225,16,127,232,194,276,70,336,110,388,465,109,326,198,279,115,260,107,52,537,360,97,66,116,624,439,452,135,134,96,675,116,18,22,81,50,61,714,269,534,58,108,455,196,467,60,323,60,260,130,2,67,283,259,84,44,638,515,359,322,202,288,323,74,199,120,706,443,74,92,57,32,114,108,96,212,80,306,106,170,916,273,251,74,160,87,67,172,241,44,192,299,186,578,178,114,93,717,176,413,102,80,192,221,968,107,95,250,74,32,64,68,128,140,218,54,476,423,106,46,157,130,182,248,246,121,154,147,238,867,854,72,30,337,80,69,25,398,201,335,287,271,168,245,438,171,28,178,159,82,200,58,42,440,347,285,141,212,150,26,72,38,81,138,40,65,649,218,365,424,272,203,78,150,345,139,205,101,413,92,56,306,98,557,277,96,457,178,448,70,146,675,164,170,82,526,91,132,156,228,168,112,311,38,104,486,446,163,153,136,336,256,760,98,162,194,102,109,32,295,129,196,130,171,446,86,64,40,92,322,220,26,76,159,116,272,591,161,148,164,143,88,78,254,56,18,76,560,81,42,25,187,519,154,112,282,111,69,186,59,51,300,202,579,127,84,278,167,167,262,430,167,126,134,228,280,146,40,160,180,84,20,104,736,279,558,147,363,92,160,66,157,247,247,916,144,252,150,448,80,120,183,323
14_Region14,383,124,670,113,319,96,83,163,337,46,146,276,87,69,652,126,86,298,284,307,278,130,160,42,210,222,228,423,172,133,359,100,45,44,58,197,96,158,116,76,499,303,130,82,90,91,338,601,68,553,40,82,216,408,134,111,494,280,266,141,132,136,129,77,165,135,366,488,283,210,118,241,327,92,112,247,199,22,154,124,91,148,78,186,86,471,158,358,114,126,98,114,151,160,62,243,143,316,194,284,425,236,205,231,159,76,128,575,78,112,417,122,138,266,195,80,162,76,95,114,336,240,485,48,239,389,36,233,263,40,106,136,81,150,152,124,193,234,82,587,65,180,120,149,116,112,168,140,179,302,163,231,252,96,609,345,217,552,140,228,104,202,91,274,144,98,122,174,158,138,267,238,220,90,110,238,242,500,191,256,258,411,124,100,55,96,98,687,124,111,261,183,106,172,819,162,117,130,276,621,517,43,126,81,471,402,140,340,126,474,160,260,381,136,653,237,102,235,200,133,279,92,140,225,104,243,346,184,124,166,391,451,246,92,115,84,106,87,113,85,180,165,267,180,230,142,500,618,139,337,232,80,129,136,136,196,222,152,194,252,208,118,144,100,184,229,146,36,74,326,514,351,296,204,85,76,132,213,425,187,358,141,114,164,278,165,259,50,118,134,168,349,633,236,426,240,123,180,152,148,187,74,480,234,168,194,184,128,150,50,171,197,320,191,148,368,208,94,74,108,299,120,378,66,148,320,244,296,194,222,134,93,758,175,244,48,274,150,562,204,78,350,176,178,534,88,296,189,52,233,228,424,90,230,198,118,82,192,112,199,142,72,197,66,91,302,106,60,145,416,143,260,243,182,216,389,235,589,82,179,276,86,466,260,146,186,256,396,64,100,48,404,592,241,299,70,87,389,168,150,266,528,228,184,294,654,69,394,70,130,323,124,186,324,118,104,196,156,318,62,437,484,94,99,333,129,202,373,66,216,124,107,222,92,113,88,162,122,52,233,127,109,241,78,90,80,88,212,90,78,245,146,122,209,88,134,314,98,56,106,114,180,134,204,117,218,132,94,48,275,246,174,178,96,126,131,84,830,205,393,112,188,135,160,262,92,267,472,68,639,132,333,64,306,498,100,94,194,64,194,170,116,261,133,258,266,282,378,98,320,231,196,84,169,150,114,259,242,92,84,139,642,454,419,176,152,130,76,144,36,128,94,179,145,138,142,312,48,168,273,218,444,151,274,68,169,96,72,182,227,246,96,74,459,347,212,308,214,235,214,68,108,386,496,345,80,94,82,128,106,110,107,409,123,192,56,109,459,454,391,247,168,195,98,172,180,60,344,214,106,632,214,106,142,568,154,289,60,168,140,224,476,302,189,171,68,70,142,120,194,153,185,182,652,488,92,100,188,156,100,191,234,141,213,162,194,669,802,115,160,195,94,145,80,334,216,308,281,312,217,342,231,168,135,289,144,98,209,92,124,800,294,106,150,313,136,133,42,58,116,118,74,114,606,459,270,222,212,194,154,103,262,98,156,108,361,89,36,320,120,659,276,144,271,81,430,74,70,76,151,320,127,362,74,164,216,218,124,156,399,58,65,465,625,226,260,176,128,234,591,273,176,362,182,98,116,274,130,153,74,237,319,105,42,88,194,117,230,52,75,110,144,184,471,124,190,126,60,158,72,316,64,42,92,310,92,97,77,170,508,145,68,129,140,77,78,122,108,252,156,533,142,55,236,426,155,229,397,179,78,79,261,334,142,88,135,144,85,38,249,390,246,362,96,256,79,256,188,323,198,311,459,144,118,123,442,100,214,114,266
15_Region15,324,436,978,116,496,136,34,396,263,97,148,453,141,129,710,330,39,595,350,531,320,130,193,70,460,108,336,315,155,151,510,111,45,87,67,152,112,56,48,90,515,550,166,153,25,286,577,594,86,586,322,229,318,330,131,0,787,177,382,225,101,123,279,85,136,228,853,485,334,321,267,154,195,155,127,291,352,79,180,198,75,108,62,161,186,991,295,207,140,262,84,95,240,114,191,356,105,280,286,329,421,538,245,282,285,172,98,531,112,180,583,354,166,415,164,77,406,235,131,190,502,309,1107,101,295,480,55,256,185,215,39,231,150,163,146,217,343,435,76,426,234,84,777,136,207,92,303,235,391,418,187,496,208,192,594,733,232,512,226,463,148,264,202,289,132,186,272,169,318,179,370,402,222,165,207,270,270,786,176,504,435,439,372,117,46,138,66,465,116,166,182,135,81,367,980,300,214,136,378,469,478,64,283,327,536,330,96,391,214,463,168,231,523,309,1126,141,101,343,224,180,242,265,171,309,107,534,351,159,145,274,886,308,340,79,109,64,171,189,123,106,406,91,372,277,246,207,792,510,210,474,322,40,122,142,156,201,73,232,124,232,192,152,100,142,240,369,85,38,75,420,359,222,338,414,86,84,169,92,448,140,528,256,88,159,174,174,283,109,253,145,105,496,954,195,634,336,151,357,155,167,84,143,589,306,183,349,143,192,181,128,160,273,375,152,144,259,258,147,88,46,181,244,504,151,214,300,424,311,171,184,122,110,843,225,199,128,255,201,503,276,29,639,189,147,888,30,264,372,366,417,294,422,342,369,183,120,82,117,120,232,278,99,148,183,286,309,171,105,96,418,70,327,615,115,316,383,126,690,133,391,307,115,200,200,252,110,206,432,96,396,54,333,987,115,378,75,154,574,187,199,232,817,298,372,248,985,120,526,186,186,514,116,241,639,126,207,174,157,448,205,540,551,123,138,251,122,298,386,102,128,140,117,291,207,175,53,231,257,48,272,110,94,329,83,83,130,114,207,90,112,78,227,121,310,165,198,648,325,112,268,210,303,117,312,184,183,171,68,32,310,179,274,156,0,122,95,188,1324,391,414,94,156,180,307,291,97,405,747,56,676,68,376,236,380,1032,112,127,286,72,90,240,145,517,208,284,155,264,633,238,283,243,179,64,388,110,118,642,415,128,56,130,498,287,406,128,172,111,590,136,86,127,171,89,163,156,417,661,32,232,459,198,628,171,193,124,582,181,46,126,381,294,187,80,688,269,478,294,226,272,253,106,94,304,425,370,104,220,133,139,129,139,124,328,95,233,71,195,788,590,550,147,160,229,60,116,322,117,427,339,180,601,263,129,107,562,92,28,126,285,742,226,838,309,153,382,71,144,99,60,174,135,281,198,933,546,108,142,222,316,289,189,211,237,192,234,220,732,690,160,207,263,98,208,12,278,245,406,287,280,229,501,496,138,204,211,81,333,160,193,139,705,387,306,189,122,101,81,91,153,229,126,265,142,993,430,279,588,129,92,133,258,218,217,166,196,337,77,82,375,183,951,319,76,562,150,548,43,72,590,207,339,198,317,114,217,349,236,220,120,544,102,91,401,527,196,234,208,328,397,1197,348,238,364,142,159,166,319,166,304,144,343,496,50,45,141,225,193,75,78,102,134,204,270,991,210,261,217,88,157,58,337,241,81,168,712,93,78,144,158,553,211,63,192,161,130,154,63,114,257,195,555,219,157,250,312,273,245,423,382,58,181,178,520,205,141,0,132,83,45,189,451,227,661,244,245,186,249,110,514,361,264,788,204,333,169,819,151,142,140,234
16_Region16,110,48,306,46,172,61,28,168,117,56,52,143,71,27,273,73,33,147,109,104,44,39,40,41,117,69,120,175,83,50,195,68,24,41,25,72,76,69,88,20,162,127,44,33,15,26,197,225,52,252,78,42,77,134,31,35,149,80,91,41,54,55,49,54,62,97,218,158,105,86,67,57,149,54,17,117,69,18,101,54,21,34,0,123,36,194,48,142,101,89,73,26,83,94,32,190,30,107,113,117,155,157,109,30,85,19,83,208,54,32,242,54,61,74,153,15,43,25,30,51,100,139,274,80,134,237,56,81,56,78,72,71,53,56,56,7,55,82,21,222,46,22,109,33,65,37,118,25,78,150,83,140,94,74,212,228,74,224,62,88,41,43,86,89,90,42,53,56,85,40,125,119,99,27,62,129,97,134,66,85,97,151,114,38,48,86,20,359,29,53,234,70,38,94,583,155,34,32,112,232,221,18,88,37,243,140,25,166,98,179,35,105,114,58,256,81,55,51,65,56,131,32,46,165,52,190,160,95,7,88,107,177,83,56,35,32,57,18,46,53,76,62,101,70,81,32,244,307,70,196,147,40,53,60,70,72,86,74,54,98,58,47,37,52,94,56,60,32,38,104,155,128,138,84,24,13,72,107,186,26,133,41,36,99,114,74,153,38,50,18,103,102,241,40,156,116,95,66,74,42,58,57,317,49,44,88,39,25,92,38,115,102,152,83,35,62,0,26,32,30,151,87,101,28,44,155,153,133,60,111,61,66,16,81,91,69,116,49,156,84,13,113,123,49,239,55,93,144,75,220,84,191,52,81,135,20,48,75,32,113,52,16,108,53,26,63,35,29,68,253,30,48,222,89,100,194,56,394,28,78,94,38,194,109,16,68,126,88,48,148,16,131,267,52,113,32,65,194,90,70,159,164,80,79,82,240,26,134,16,46,104,29,123,176,57,41,89,84,149,33,199,243,67,42,155,33,89,174,8,67,84,27,103,42,54,73,92,73,23,98,63,14,175,29,38,105,27,70,40,77,68,96,61,120,41,72,51,77,70,78,101,112,49,85,82,106,41,13,23,97,147,75,81,24,49,30,56,367,119,171,6,51,42,64,131,32,139,189,28,325,44,155,97,165,280,38,27,113,73,60,75,70,80,41,80,159,118,157,47,92,111,128,32,156,71,11,155,113,37,42,64,198,264,162,18,67,102,176,62,25,33,46,64,24,45,52,208,23,92,156,69,214,43,89,49,156,106,21,31,177,161,55,54,165,113,168,141,69,86,106,38,71,128,186,187,32,48,28,45,67,42,40,83,34,62,40,54,327,145,141,75,68,127,24,23,83,31,201,157,79,199,98,67,49,202,44,127,39,59,182,127,429,63,65,44,38,32,78,64,73,41,124,72,267,223,48,30,82,75,62,145,58,47,42,76,60,327,312,21,64,100,26,23,46,89,81,142,146,121,63,129,140,95,45,133,65,16,74,28,32,387,170,84,54,123,54,43,36,24,58,57,15,26,310,126,117,206,104,77,84,36,103,77,41,74,95,45,56,152,106,244,103,28,142,53,212,21,38,176,38,67,51,169,18,43,120,55,56,0,201,24,26,101,273,93,99,42,60,109,322,107,62,122,92,47,35,107,32,105,26,84,172,46,18,22,45,25,123,12,14,44,62,101,194,84,118,93,62,46,0,167,30,25,38,191,38,25,42,61,198,97,36,82,57,52,51,30,40,92,79,298,49,60,91,153,66,121,195,63,68,50,82,154,70,22,81,90,20,18,110,255,83,156,51,62,51,95,45,104,64,112,327,58,35,64,208,54,75,101,116
17_Region17,157,370,1204,111,428,114,33,337,263,38,81,448,118,90,832,110,124,589,375,180,98,117,175,171,343,312,364,228,221,60,378,78,47,183,106,146,112,112,44,109,462,295,109,117,44,57,268,504,118,470,246,144,102,316,77,93,588,235,140,138,102,123,186,38,193,249,630,475,346,339,204,292,278,162,144,294,270,78,171,237,108,151,36,35,213,724,201,257,166,45,96,56,177,119,262,270,117,272,282,223,361,412,194,313,237,63,125,418,78,171,567,297,99,324,260,107,441,87,50,201,282,318,798,102,84,466,216,126,153,164,72,270,159,199,165,120,168,535,39,681,193,64,244,90,141,74,258,207,204,420,188,318,300,171,617,660,214,378,84,345,114,228,255,363,212,102,308,198,171,152,319,199,170,250,153,204,275,631,125,999,196,475,387,123,58,231,40,744,82,84,372,138,187,312,757,210,160,109,321,606,573,108,252,297,458,268,196,408,120,362,138,233,469,276,994,196,70,199,209,150,281,48,180,284,40,405,239,138,80,367,307,342,603,92,118,80,204,309,156,81,468,129,375,253,257,99,618,707,85,303,375,60,56,99,132,160,142,168,195,306,189,120,90,126,213,381,28,90,71,462,243,277,351,273,60,42,107,170,516,145,394,55,79,108,182,100,697,98,150,33,201,373,148,255,522,313,225,289,112,140,87,154,616,244,228,300,82,156,180,72,176,306,335,173,76,225,349,78,166,94,169,249,208,192,126,397,167,279,221,202,127,91,754,288,123,73,272,186,633,182,100,586,231,134,856,43,203,263,174,363,219,397,153,385,212,144,99,112,114,304,248,151,203,151,57,269,168,50,160,183,78,352,333,216,149,193,103,636,156,204,221,74,222,222,192,137,255,421,60,394,20,414,744,164,531,51,158,289,178,243,340,856,240,237,292,687,90,597,72,138,529,82,52,454,250,145,188,51,709,130,451,478,102,242,339,130,252,344,46,134,132,28,184,129,165,40,85,232,69,228,116,86,207,28,74,192,507,188,60,147,62,253,119,298,183,180,271,174,139,127,249,207,110,277,204,138,286,105,68,297,190,261,187,120,194,78,52,813,258,289,99,281,177,240,288,118,372,714,114,592,34,508,370,349,900,84,104,282,81,122,182,156,564,216,259,227,371,396,123,196,292,169,80,195,229,15,544,369,86,48,82,566,273,334,166,114,117,557,150,90,88,78,140,71,102,372,517,68,156,589,165,586,150,242,189,292,104,92,180,361,283,120,68,543,231,451,238,174,224,173,184,115,245,607,354,60,126,156,42,78,159,62,264,88,258,46,190,624,320,507,84,194,232,50,122,252,70,250,154,156,712,182,78,60,846,110,331,103,292,372,255,637,269,156,292,123,90,104,75,134,147,236,134,834,288,129,38,106,261,231,282,228,162,196,93,333,985,600,98,121,103,52,133,62,476,260,399,215,316,232,324,318,118,117,202,130,124,165,66,88,525,538,263,201,147,126,174,60,138,120,250,145,84,702,256,474,577,230,138,129,231,262,116,280,171,402,126,324,335,205,856,260,50,505,159,297,82,54,557,240,237,111,370,140,60,324,250,159,141,424,92,149,331,352,164,148,177,282,412,541,153,264,325,199,82,126,372,3,199,97,243,428,82,132,120,174,135,412,34,104,194,225,164,724,198,219,109,166,195,120,301,114,48,78,561,86,62,102,166,441,207,171,296,122,137,105,48,21,205,240,801,129,90,214,292,448,143,483,267,56,128,245,397,142,120,116,212,68,131,192,561,402,684,240,253,120,231,48,529,258,336,624,183,390,207,580,142,115,166,189
18_Region18,110,48,306,46,172,61,28,168,117,56,52,143,71,27,273,73,33,147,109,104,44,39,40,41,117,69,120,175,83,50,195,68,24,41,25,72,76,69,88,20,162,127,44,33,15,26,197,225,52,252,78,42,77,134,31,35,149,80,91,41,54,55,49,54,62,97,218,158,105,86,67,57,149,54,17,117,69,18,101,54,21,34,0,123,36,194,48,142,101,89,73,26,83,94,32,190,30,107,113,117,155,157,109,30,85,19,83,208,54,32,242,54,61,74,153,15,43,25,30,51,100,139,274,80,134,237,56,81,56,78,72,71,53,56,56,7,55,82,21,222,46,22,109,33,65,37,118,25,78,150,83,140,94,74,212,228,74,224,62,88,41,43,86,89,90,42,53,56,85,40,125,119,99,27,62,129,97,134,66,85,97,151,114,38,48,86,20,359,29,53,234,70,38,94,583,155,34,32,112,232,221,18,88,37,243,140,25,166,98,179,35,105,114,58,256,81,55,51,65,56,131,32,46,165,52,190,160,95,7,88,107,177,83,56,35,32,57,18,46,53,76,62,101,70,81,32,244,307,70,196,147,40,53,60,70,72,86,74,54,98,58,47,37,52,94,56,60,32,38,104,155,128,138,84,24,13,72,107,186,26,133,41,36,99,114,74,153,38,50,18,103,102,241,40,156,116,95,66,74,42,58,57,317,49,44,88,39,25,92,38,115,102,152,83,35,62,0,26,32,30,151,87,101,28,44,155,153,133,60,111,61,66,16,81,91,69,116,49,156,84,13,113,123,49,239,55,93,144,75,220,84,191,52,81,135,20,48,75,32,113,52,16,108,53,26,63,35,29,68,253,30,48,222,89,100,194,56,394,28,78,94,38,194,109,16,68,126,88,48,148,16,131,267,52,113,32,65,194,90,70,159,164,80,79,82,240,26,134,16,46,104,29,123,176,57,41,89,84,149,33,199,243,67,42,155,33,89,174,8,67,84,27,103,42,54,73,92,73,23,98,63,14,175,29,38,105,27,70,40,77,68,96,61,120,41,72,51,77,70,78,101,112,49,85,82,106,41,13,23,97,147,75,81,24,49,30,56,367,119,171,6,51,42,64,131,32,139,189,28,325,44,155,97,165,280,38,27,113,73,60,75,70,80,41,80,159,118,157,47,92,111,128,32,156,71,11,155,113,37,42,64,198,264,162,18,67,102,176,62,25,33,46,64,24,45,52,208,23,92,156,69,214,43,89,49,156,106,21,31,177,161,55,54,165,113,168,141,69,86,106,38,71,128,186,187,32,48,28,45,67,42,40,83,34,62,40,54,327,145,141,75,68,127,24,23,83,31,201,157,79,199,98,67,49,202,44,127,39,59,182,127,429,63,65,44,38,32,78,64,73,41,124,72,267,223,48,30,82,75,62,145,58,47,42,76,60,327,312,21,64,100,26,23,46,89,81,142,146,121,63,129,140,95,45,133,65,16,74,28,32,387,170,84,54,123,54,43,36,24,58,57,15,26,310,126,117,206,104,77,84,36,103,77,41,74,95,45,56,152,106,244,103,28,142,53,212,21,38,176,38,67,51,169,18,43,120,55,56,0,201,24,26,101,273,93,99,42,60,109,322,107,62,122,92,47,35,107,32,105,26,84,172,46,18,22,45,25,123,12,14,44,62,101,194,84,118,93,62,46,0,167,30,25,38,191,38,25,42,61,198,97,36,82,57,52,51,30,40,92,79,298,49,60,91,153,66,121,195,63,68,50,82,154,70,22,81,90,20,18,110,255,83,156,51,62,51,95,45,104,64,112,327,58,35,64,208,54,75,101,116
19_Region19,2,4,190,14,49,4,0,59,28,0,4,60,2,2,175,37,0,43,54,48,0,16,8,10,28,6,26,43,24,10,63,0,5,2,2,6,33,0,0,10,64,32,4,6,2,4,151,38,8,49,12,4,2,49,62,0,171,30,10,10,8,14,8,6,0,32,56,14,43,20,16,0,30,10,14,6,8,4,64,34,0,4,2,18,16,100,18,12,16,63,2,0,44,4,10,56,4,12,36,69,20,110,60,81,21,25,8,44,2,32,40,2,16,58,6,2,6,0,0,8,32,70,124,14,59,152,0,36,2,12,0,48,14,10,8,10,16,126,6,172,16,2,0,0,4,0,30,0,14,38,34,28,14,8,131,86,2,12,4,36,18,8,6,17,6,0,14,2,0,14,12,43,44,6,8,24,4,2,20,28,4,46,26,34,0,2,0,140,12,6,6,0,4,30,291,50,2,0,12,34,270,34,14,22,0,25,0,57,4,12,0,2,50,40,200,2,2,18,12,6,16,0,38,8,0,56,70,65,10,69,0,12,4,4,4,20,44,6,14,12,20,0,72,11,41,22,54,46,0,52,4,0,18,10,42,72,14,12,8,38,12,20,8,0,2,80,10,0,0,40,26,64,117,12,4,8,8,36,43,4,36,18,2,42,40,16,62,12,22,14,32,8,44,12,8,81,0,44,12,12,4,26,216,4,24,20,8,12,22,21,18,31,89,12,2,14,25,10,10,20,12,4,10,0,4,57,0,14,10,2,2,8,86,52,24,10,6,0,4,12,0,16,44,16,40,0,80,50,12,34,0,70,4,41,64,0,2,2,32,33,40,0,0,2,4,4,14,0,51,24,4,34,2,8,77,74,2,98,2,14,24,2,28,18,51,16,58,2,4,0,0,6,218,6,34,4,4,74,26,36,4,46,16,30,61,132,8,90,0,18,5,12,18,26,8,12,80,4,43,12,94,107,10,4,20,26,27,86,0,6,27,0,12,20,4,0,36,0,2,36,18,8,60,10,16,48,10,31,4,16,2,26,8,22,6,27,0,40,12,17,16,4,24,64,2,34,2,2,0,38,22,50,2,4,32,4,2,53,86,69,2,64,6,16,44,0,8,117,0,170,0,20,4,79,81,1,24,36,0,6,36,27,56,0,40,4,60,58,0,62,71,30,20,2,8,6,34,42,18,2,2,30,12,132,2,47,4,0,12,4,4,6,56,4,12,40,54,0,18,70,2,50,6,17,4,2,4,0,20,6,33,14,4,138,38,50,29,32,90,10,0,38,30,162,62,0,14,2,0,32,10,35,10,2,14,2,18,200,42,114,4,20,12,0,18,51,0,18,36,6,128,0,32,34,114,10,72,0,0,8,12,265,4,2,12,0,0,6,0,8,2,16,10,47,30,36,12,38,0,29,42,6,8,54,20,0,119,80,2,0,14,10,4,0,16,120,34,16,34,2,90,28,2,2,0,0,0,2,10,2,22,34,33,73,0,68,4,2,2,6,8,0,0,140,4,57,96,38,14,25,28,24,40,10,32,47,2,0,89,20,104,24,8,83,14,22,4,2,0,20,2,8,77,0,2,10,18,22,4,2,2,8,150,14,43,26,0,193,98,60,6,72,0,14,0,39,38,16,40,26,36,49,10,2,6,8,4,52,6,0,2,12,0,100,27,8,2,6,14,4,58,2,2,24,1,38,0,6,4,73,20,12,6,42,18,16,2,16,37,32,46,10,22,10,33,8,8,68,12,8,38,14,30,34,6,16,6,0,2,14,8,4,136,12,12,8,40,2,5,10,5,200,14,40,26,68,32,2,16,23
