1_CSF3R,2461,6890,5051,1185,2990,4696,6782,1045,16771,3072,3224,4707,2208,1746,3707,24725,9357,26115,1115,1750,15470,2041,2159,2790,4431,8535,2057,3574,1151,1689,964,2,3503,2118,4119,5767,17496,631,1931,8479,11565,3686,1496,4940,6866,3176,2253,9041,1883,12822,2586,5333,928,1126,7257,4538,7630,1232,5605,516,2585,7627,4839,12639,4932,1393,1804,3892,2910,1471,2212,2424,3767,3528,2373,3768,1584,8903,0,4754,10294,0,3459,1750,3377,2055,993,3947,2941,3645,0,5110,6629,1089,1780,8916,1014,16419,6746,5425,3010,2969,8604,6099,4738,5668,6696,877,2620,9175,22038,3908,13588,1168,1970,1056,695,22156,8728,1209,2611,6236,2345,1845,11490,1589,1622,929,1478,9208,5268,1244,2435,13466,2833,4795,3570,613,13199,1901,2868,4957,2371,3061,2775,9818,2692,12317,2535,2134,10174,6940,1008,2888,2165,8954,3766,5331,5423,13389,4109,8834,8557,3662,2594,2458,3296,3374,2105,1108,22004,4266,20867,1553,5937,22337,2758,814,610,6197,23248,22943,7733,8750,2302,4477,992,2329,2890,4661,857,1869,1881,3307,3566,3957,1626,4869,454,1296,4321,5888,7066,1637,11561,8792,6324,4260,3311,15954,10164,5514,1944,8978,5171,1166,15273,4735,1717,3869,8531,4,2825,1893,8852,1263,4,1200,3136,1269,801,683,7084,1344,6270,1739,5022,1810,1185,3767,875,1456,9366,4110,1359,2645,7345,2,731,4609,6421,2038,1952,2443,8570,1115,7337,1097,4803,2557,3183,6909,6003,7046,1955,5468,1056,3098,5986,22217,1123,2760,1019,9328,1360,2456,20664,17768,1191,3337,1732,1581,2820,3768,19152,2639,8933,2100,4488,4984,1692,20265,866,914,7184,4382,4479,1632,4625,4985,3512,4849,19237,6962,1149,948,16740,1050,1926,4414,1660,3341,9735,4589,1126,6492,2395,1115,8352,2696,22115,945,868,1278,3178,2001,21513,6825,3066,1732,613,1408,1573,19556,2432,2880,1166,476,1739,2588,10677,3628,2452,2507,868,1309,4179,3268,2157,3016,6947,1926,3898,6001,6522,793,2071,7895,4700,8040,19910,3858,8652,1224,4022,2168,2297,13672,503,0,7724,4994,793,616,713,570,5791,2022,11446,4623,757,5534,7414,3043,1152,1356,3067,855,4479,12982,2393,1238,6960,5549,2672,12831,4803,3148,6619,2085,1111,11496,16180,4821,4323,8086,2420,8386,1631,2646,7231,2035,1194,1798,1436,13863,2574,885,1185,1990,5875,9783,1025,4074,2485,5894,6436,19629,2836,2353,4379,8361,3359,3547,10285,9214,4023,1731,5965,1604,5389,863,10525,585,737,1347,10586,1638,3808,2992,1543,5751,887,4547,0,1911,989,1519,1848,634,5223,1144,7798,772,3884,2561,4367,3844,4093,3097,1658,5797,2244,2220,924,3526,4807,1876,4620,1661,0,2518,762,776,23142,11142,1185,5949,792,1678,4605,7030,1773,1385,4698,3126,526,16369,1070,4265,9568,3763,2576,888,1408,4587,7691
1_MPL,0,50,132,44,158,0,0,0,140,184,0,10,0,76,72,373,228,455,17,0,319,38,0,0,42,0,2,136,24,0,6,366,2,0,0,262,2,0,0,0,438,24,22,70,24,0,28,0,0,56,50,106,19,14,0,84,0,58,0,0,0,605,30,480,2,0,0,0,8,0,78,94,18,14,82,91,6,780,0,28,96,156,0,0,0,48,6,36,0,0,0,133,330,0,14,131,0,422,0,16,10,0,0,404,68,114,12,16,14,273,261,0,298,39,2,6,16,774,10,54,134,194,258,2,510,20,80,14,0,70,317,0,38,74,0,6,138,16,158,0,0,4,10,0,249,0,30,154,129,8,0,104,12,0,61,542,0,104,139,0,64,0,139,175,0,202,100,46,55,6,536,142,647,4,337,194,18,0,26,235,480,386,197,110,52,22,2,0,74,0,6,6,2,159,92,0,14,40,2,0,4,0,0,2,563,0,143,0,235,302,184,78,0,6,112,10,228,176,0,8,160,0,102,64,418,0,0,0,4,24,2,0,319,0,6,30,0,45,0,0,20,14,185,0,0,40,385,0,24,0,92,353,0,0,0,42,109,0,18,0,0,524,0,0,30,16,0,22,0,295,0,44,0,0,20,0,423,81,0,0,0,0,2,0,58,30,0,0,56,20,0,70,81,8,0,8,0,8,46,14,0,50,886,0,0,24,236,0,60,258,0,0,26,0,10,10,42,92,184,42,871,0,20,0,10,100,508,44,50,0,6,12,0,572,54,0,104,0,42,0,258,0,0,2,8,0,25,0,138,230,592,68,0,4,0,30,2,201,0,77,1008,20,273,36,0,34,6,40,0,0,701,0,16,72,0,2,0,0,590,0,0,0,122,0,30,4,0,0,0,869,44,48,0,40,172,64,16,196,162,62,40,106,0,2,244,4,2,352,0,74,221,0,4,47,136,0,0,43,0,166,42,224,0,22,68,0,48,148,0,16,0,78,12,150,24,372,30,60,10,0,12,0,86,12,35,0,30,0,58,106,197,391,2,208,30,42,44,8,92,26,174,78,240,0,4,0,38,32,8,20,0,272,22,64,38,0,384,0,219,238,270,68,10,10,580,0,0,58,0,0,160,0,102,0,1,112,6,272,0,0,208,0,17,4,74,34,0
1_NRAS,1144,4488,2027,272,2367,1838,1144,285,10676,2711,2065,2979,671,582,1713,12768,5025,13155,439,1292,6698,1978,281,1463,1418,3087,723,1666,484,410,421,2,302,959,1893,863,2443,469,654,2917,5130,554,589,1331,3443,1609,1393,3621,359,2232,1410,1702,220,246,2540,724,4820,380,817,631,939,2065,751,5537,2645,117,1229,1318,961,683,819,1448,2035,2239,1294,2108,624,2129,1172,980,4763,801,900,1120,256,1103,678,1102,1827,1392,0,1750,4963,678,1590,3357,635,6720,1551,3480,1420,78,3584,5379,746,620,1817,294,929,1607,10313,3745,4211,573,1119,331,63,8507,8529,488,799,5778,617,485,5096,619,1178,320,638,2212,1756,831,773,4874,3189,1554,3139,979,4828,1083,673,1004,904,763,391,4490,708,2783,704,815,2866,2038,145,379,817,3033,1354,1118,3910,3865,2842,2624,3603,1217,737,1107,1071,1633,482,321,13265,1665,10925,562,3160,12411,750,182,438,2235,12708,14759,5885,3070,1295,1282,282,1058,2737,968,228,790,297,2542,1807,540,1215,1569,239,356,1462,1087,2362,1298,9962,4748,2745,1527,1064,5391,4284,3347,674,2109,1956,557,6623,3660,295,759,4330,2,1664,855,2368,324,3118,454,2705,383,298,505,1441,288,1484,303,2949,823,594,1655,407,273,3008,1404,347,1331,2795,1176,649,2120,2480,912,140,1470,2247,579,2900,311,1482,565,1122,3636,2964,3324,320,1041,209,862,1936,10885,271,732,457,1276,174,2096,9575,6508,433,1996,512,504,1448,1386,9694,690,3277,3843,1826,2792,843,8061,415,196,1606,1168,3215,439,2626,1849,1948,2089,8244,2196,141,290,8693,581,1410,1974,16,767,3825,900,256,4442,344,415,4791,1049,6266,576,259,930,1044,1273,8513,3078,3755,635,252,541,598,5511,652,4968,423,348,500,1068,4563,2461,704,622,264,563,1929,1918,1249,1246,2866,470,1425,1967,2207,243,461,1620,1305,7193,4555,1239,4840,135,795,950,1399,5304,319,0,3492,1243,999,551,125,388,884,1666,2754,818,176,2392,4106,828,234,0,1534,64,2478,9196,894,457,2368,2867,1167,6610,5253,939,1767,641,285,8495,5203,670,3330,4079,1210,3104,296,908,4329,485,334,808,739,2749,1019,599,736,699,3325,3622,173,1844,855,1653,3289,8754,1171,482,1318,2178,1600,1703,3125,1416,2628,1053,4413,1536,5981,259,4515,99,528,338,2181,238,2282,660,1485,1072,461,1697,1225,1537,305,493,598,652,1831,563,3344,231,856,1610,1189,1737,839,760,347,2641,1669,269,368,0,1551,563,4080,624,0,926,316,366,14672,10820,771,2011,135,1423,1181,1362,143,379,1726,1352,284,5390,2,2334,5029,1389,888,91,757,966,2272
2_DNMT3A,6976,32030,9950,2479,8623,7927,3696,2356,49810,11744,7853,25311,3918,7024,10371,72823,23919,99534,3121,6374,62996,11659,5310,9465,7528,11363,3225,9771,3666,2579,1550,5544,7929,5171,13817,18110,15622,2693,2399,14672,27582,10305,6947,11223,9697,14182,7784,19491,1821,24803,6175,11875,1520,2267,16037,10658,24938,6333,9372,3307,4828,22987,11318,38674,13192,2044,4739,3322,8511,2971,7747,8573,10204,16438,6311,13109,4060,16650,2893,8859,34532,3268,6116,6055,5899,4667,3158,6407,8348,10922,8853,11978,29536,3339,7099,23542,6433,53296,9006,18803,6432,2710,20778,18548,9886,11513,13799,3195,6754,21584,70629,12944,20517,4457,4182,2412,3461,58047,34947,4205,7783,17299,8656,6400,22702,4110,6876,2665,6843,14724,11395,7207,4849,21061,8149,11187,10040,2525,29016,15261,5934,4603,5363,8400,5774,26084,1744,29575,5434,4331,30655,15485,2367,4129,7715,27598,4311,14121,12048,30069,23408,18538,31225,7301,6802,5675,8707,11252,5587,2573,82874,9448,57166,3572,12847,62645,3617,4388,2184,21443,77614,82939,16890,17859,3892,7698,2967,2561,13797,7585,1728,4187,6236,6790,7989,12618,5973,9184,1649,2694,7318,12377,20988,4146,45758,26450,15950,12869,7465,33639,19068,15577,4756,16505,7211,1958,35852,13251,4986,7721,20204,5476,15122,5185,17014,3477,11410,3001,8518,2611,3856,3721,12517,2037,5897,4115,16392,4162,2318,8121,3660,3056,24431,12033,3106,6160,20234,0,4919,13433,11252,7016,4284,6265,18324,2305,13622,2507,14303,3204,8995,19980,26037,15931,4778,10463,2641,2222,14828,54205,3987,6768,2643,21457,2360,2913,53447,33548,2874,14417,3421,7102,8,5351,48567,4925,22494,17625,10253,10772,3682,68504,3213,839,18659,7059,11623,3976,10310,19430,6698,16049,45322,16383,3389,2560,40147,2852,6747,9200,8,6536,24977,12708,1700,19341,5054,1640,25776,6907,61695,2042,2379,3238,8876,5158,53043,22731,11785,5592,2407,3824,3351,46102,7956,11842,1621,2126,2198,5448,25460,7673,6939,2384,1833,2878,10947,4533,6435,7343,19690,5440,5589,11492,12799,2050,2569,14194,9959,25063,69241,5987,26347,2782,8801,5260,2464,29655,4202,2,12104,7028,2367,2520,1594,3667,12,5682,23166,8275,2380,14792,23619,14977,1770,4580,9237,2210,11707,47860,7205,3278,11109,18016,4769,32947,18464,5967,15255,5628,1809,29791,29250,9960,14496,15254,4002,19544,3467,8523,18776,4897,3114,3775,6976,20165,3344,3041,3368,5997,8086,13617,1584,7529,6710,12524,7468,55177,9324,5607,4547,12476,9589,13272,19828,27511,9316,2084,22168,2446,32573,1208,22564,2578,5062,3271,14641,1850,6845,5352,5784,11068,3543,8231,5309,11516,1924,2732,3972,1352,11746,3632,23530,1794,6870,8878,9524,10753,11441,5594,4376,14692,4152,5703,2953,7521,10676,0,17608,5718,5492,5723,2081,2840,73002,38360,3085,7368,2249,4184,8645,14607,1991,4491,13943,5229,721,24260,2572,12022,23185,18552,8608,3489,4594,12542,22724
2_SF3B1,2410,10015,5400,745,4218,4013,1247,1102,22105,5491,6,6385,1197,1709,3703,24979,11434,23876,1728,848,18652,6046,2701,2242,4564,6575,1918,2475,2455,618,1154,663,2392,1428,5091,8679,10576,1547,2485,4503,9397,3065,1110,4418,6733,7699,3238,3869,1228,9589,2712,4667,819,1059,8164,4405,5409,2122,7056,934,2835,4843,6721,18733,3861,1273,1435,3839,4040,1442,3108,2443,5616,7515,2526,7966,2403,6889,0,4016,10991,0,1551,3294,1270,2099,1023,2416,3614,7029,4,4879,12461,782,3938,9098,2694,19181,3094,4966,3329,2288,10595,4114,5271,4483,5281,761,1433,6806,23760,6246,8575,855,1982,1314,1639,24801,8751,541,4169,5178,3018,3442,10859,1838,5376,815,1294,8027,5299,557,2343,10598,3490,516,5139,1364,8772,4170,4177,2645,2135,1924,3082,11925,650,13230,3057,2497,12148,7581,725,1685,5098,7150,2554,7351,4059,10532,7565,5040,16366,2335,1361,1814,4833,2389,1994,1161,22991,4881,24649,2664,4197,28975,1570,1838,667,8643,27473,28173,12388,8073,2743,3012,1461,2139,0,5825,1605,1596,2399,2952,3911,2449,5573,3941,1712,2549,3333,6157,9206,1613,16861,9425,8420,2663,2706,11966,10926,3766,2268,7433,3164,1059,14911,5549,2010,2351,6826,253,4045,1956,6392,428,5392,1317,5009,1762,1126,1342,8839,1207,5705,950,5732,1418,792,7,1489,1009,12338,3605,1862,1744,9941,4226,2,4942,6421,2360,2515,3338,8520,1006,6959,1255,5042,2520,4812,5219,8313,4750,1254,3536,327,1478,5357,26850,974,3387,1811,6436,746,1136,19511,19677,1503,3545,1279,1326,0,6255,17197,3070,6272,6102,3778,5226,1563,20837,2644,998,4352,2943,3953,3072,5206,7848,2317,9797,18533,6669,1628,1154,14983,1434,2520,4703,486,5589,10929,6389,645,6366,2072,1162,11974,3905,18755,1331,1093,3465,1419,2708,17515,9965,4088,532,1508,1999,735,16534,2391,6289,1151,2950,1493,2107,8496,2864,2187,1907,1057,912,3236,1368,3112,2981,7569,1564,3072,3312,7282,864,1230,7341,4355,12190,14875,4831,7475,1287,2437,2331,3079,18674,294,0,10755,4407,736,1765,1037,920,4176,3532,10700,3022,1054,5053,7779,0,1235,727,3489,596,3777,15048,4506,1416,1265,4492,3211,12220,7611,2503,10030,2403,1396,12482,14257,4259,7063,4312,2028,4870,1206,5240,9410,2257,836,2098,1036,4651,2445,734,1255,4305,7524,6639,1053,1537,3277,4944,6223,19106,3379,3264,3957,6470,4224,5852,6240,7034,4652,1385,7043,1017,12120,887,10281,964,2373,1143,5395,1694,4553,1330,1523,6932,838,4555,1364,2556,857,1087,2122,1054,3641,893,6383,952,3640,2012,4796,2838,4684,2498,2058,8365,2071,1952,1794,3543,2420,0,9025,3430,642,2611,1627,1563,25603,12925,1021,6189,1138,1848,5977,6784,970,1645,2877,790,1454,14127,1232,679,9770,8629,1273,1365,523,6406,7842
2_IDH1,74,860,557,108,116,468,114,482,1310,286,53,343,108,115,270,3286,3159,3823,244,16,1471,152,43,119,135,286,346,85,868,296,212,231,426,265,494,166,646,54,308,100,691,128,16,1353,143,1214,1218,606,850,924,755,660,223,62,632,144,1011,111,197,6,85,269,254,372,56,91,61,674,162,389,103,121,132,707,747,818,60,571,293,508,668,0,192,64,337,67,50,817,49,250,124,605,671,12,235,974,50,1477,490,102,238,227,1429,114,96,58,483,15,23,377,1273,159,1285,12,93,149,7,5152,302,76,978,403,41,338,414,318,313,177,40,364,161,22,1147,575,8,45,122,105,900,92,571,426,148,57,288,1167,82,1227,743,169,200,519,357,213,531,493,57,290,277,400,925,1068,334,503,157,80,147,125,60,333,2676,68,3077,20,28,5184,123,44,502,673,3818,4915,579,1082,313,322,315,35,0,36,154,37,59,375,448,495,806,2503,250,96,1250,332,289,676,624,177,182,104,154,1188,464,95,76,559,1038,199,4138,60,17,317,2109,15,164,515,216,323,89,120,107,342,109,15,650,76,51,424,31,98,151,1,71,85,837,115,43,852,185,325,54,618,669,67,725,217,1173,341,3827,372,230,1596,553,613,340,368,24,1632,55,146,325,4609,25,1014,344,2338,261,69,943,1668,59,159,287,32,0,159,3131,503,460,107,836,201,90,2111,111,204,1507,175,441,258,27,414,789,1061,1507,926,50,108,1107,151,224,31,155,131,1448,143,159,130,355,311,1107,89,2079,129,46,645,209,3,3090,311,162,302,172,30,76,2845,192,737,471,220,122,819,140,134,205,94,405,248,337,218,53,450,390,18,360,133,224,560,28,687,1050,969,1316,330,134,242,230,1261,83,302,0,0,521,336,360,249,18,30,127,99,335,81,113,193,343,270,235,121,298,78,239,1481,0,87,60,244,304,2843,177,510,573,94,347,245,1188,469,2764,34,482,92,829,520,47,700,162,548,10,202,338,53,182,83,1005,151,445,31,257,314,124,2093,95,152,318,1685,223,199,1172,40,1192,97,37,286,1122,302,585,17,298,207,405,218,1098,137,44,68,82,113,0,197,48,161,331,100,123,590,154,407,1968,182,597,341,468,245,180,221,705,90,133,73,191,0,168,186,0,218,70,222,2832,2277,282,386,93,0,221,554,8,54,33,21,63,639,84,134,500,112,3,74,19,85,138
3_GATA2,376,961,452,88,193,798,210,282,1490,674,338,10,28,272,276,2605,3234,4472,330,44,2399,6,124,137,20,889,246,35,312,195,146,1577,100,139,152,466,543,12,97,870,797,379,337,100,852,1067,639,842,0,886,754,625,102,128,1114,274,501,14,978,52,251,1523,641,450,707,54,153,2,133,186,122,34,489,301,340,994,116,1583,0,531,466,4,185,0,193,147,103,807,228,534,1043,915,962,95,4,1144,158,2595,1171,698,182,409,944,0,395,316,231,36,529,94,1668,274,876,298,8,136,53,5506,631,774,593,36,36,96,3653,1022,316,20,112,955,374,177,396,743,509,112,504,70,1097,126,0,302,0,104,154,1681,394,1400,294,24,718,808,86,486,515,762,54,1740,655,1372,591,813,271,207,514,152,64,985,206,270,2945,32,1184,0,290,6165,259,106,151,122,2509,3807,756,1222,210,192,128,421,611,224,0,311,46,323,137,1420,146,324,44,54,482,232,502,537,1047,115,533,493,54,482,895,394,130,360,238,84,3346,266,90,144,565,0,298,286,408,26,756,78,168,64,20,115,573,0,0,336,188,212,160,0,421,204,623,0,16,275,635,0,584,163,1040,261,373,140,288,74,418,36,776,21,326,546,645,146,142,562,4,4,411,1950,220,170,42,922,104,70,1087,906,46,601,272,6,208,569,1591,76,1020,302,829,0,44,3171,188,80,284,264,44,425,562,691,750,1013,1860,590,48,72,1395,336,128,361,96,30,1030,807,259,852,284,271,1168,300,1011,66,110,1727,406,270,2155,1429,612,120,70,53,74,1376,482,0,64,76,12,206,1431,316,123,163,208,99,567,451,204,753,710,272,722,283,329,109,118,924,333,982,2269,184,1208,18,132,272,445,1212,217,313,1735,448,315,94,10,28,642,188,386,248,74,370,664,675,162,0,96,100,132,1929,900,177,335,650,168,2266,213,611,776,116,503,1249,1319,86,648,222,202,402,38,462,481,198,224,385,522,1022,254,52,96,494,1572,618,64,180,384,1063,574,2180,1080,502,202,902,441,384,848,455,1188,244,917,2,1184,61,809,14,588,0,252,96,219,286,374,826,0,439,222,294,78,155,0,49,192,258,1142,134,522,0,368,248,342,94,184,2,617,232,92,744,514,280,828,154,111,242,187,118,5184,1179,210,889,59,0,102,463,17,140,636,200,278,1571,22,78,1275,425,150,16,46,371,236
4_KIT,5830,19397,8558,1572,5374,7476,6907,2008,35514,8648,6,18914,2863,3597,8671,49993,30501,52285,2989,1290,23564,7064,3128,4954,4831,12167,3561,5969,3504,642,1672,10622,5002,1610,14902,8115,13485,2297,5304,8225,13363,7177,1881,4668,9007,9175,5872,11563,3857,16272,10039,6089,1434,1541,8503,4670,9678,2815,10005,1033,3764,11588,6642,25730,3972,2578,1884,5412,4987,2869,3123,4963,3830,17369,3316,9768,3738,14646,0,7475,15404,3517,4900,4594,2809,2651,2469,5493,5035,11345,4,9221,22037,887,7059,14508,3631,36038,5568,7001,4835,3417,12026,11702,7842,6161,8640,1601,2979,8430,38590,7164,19383,2760,2502,1427,2959,54960,20420,3320,5683,13889,2463,4341,16664,2947,5300,2185,2181,20297,6561,3184,4000,21911,5337,2496,5769,2860,16408,7178,6009,5184,3087,5811,4086,13576,1393,11712,4688,3336,10550,13511,1851,3782,5159,19155,5498,10287,9332,19688,12743,14332,24024,4377,5169,5163,4326,3954,2094,1624,53930,10118,44323,4716,7438,51534,2709,2357,3662,19153,55178,55121,11670,15994,2594,5500,2326,4168,4733,6695,2365,1819,3264,6477,8388,5928,8655,7674,2452,1808,7562,10658,12642,6281,23252,12526,10929,3524,2539,27092,14185,8671,3308,9426,4130,2178,33929,6231,2148,8817,11312,1644,8348,2927,13421,2408,6309,2287,10254,2191,1655,1698,10633,1419,9643,2542,6237,1195,1917,11933,1914,2724,17504,6086,5009,3733,14442,14771,7380,12633,12543,2684,2819,5516,15705,1925,12239,2544,3668,2763,3163,19780,14975,18644,3697,9036,1989,3650,6737,48396,710,4791,1035,12226,1488,3477,31161,32996,2425,9053,3791,4052,3794,6291,27018,4201,12775,9633,5518,10278,3726,39096,2888,1913,15818,5463,7769,3878,9506,15830,5351,15419,31773,14639,2107,1801,26397,2144,4513,6359,2015,5849,23203,5716,1817,7138,3801,1771,25917,3055,35905,1225,1606,6252,7042,3297,35739,11202,7010,4781,1379,1893,2151,35638,4429,3423,1862,3001,4331,5020,13999,5763,5023,2508,1774,1718,10684,3751,4666,6000,13837,1840,6839,6526,9261,1781,857,9924,4191,26274,21327,7303,17333,1736,7144,4588,4203,30079,1115,6628,9297,5960,2499,2021,1007,2017,6251,6030,21309,10259,2188,12419,16724,2,1993,1022,2899,1391,3200,25035,2214,2056,7268,9575,5790,20166,11867,3838,11506,3321,1558,22890,23934,3803,9486,5995,3314,10004,2499,6188,8477,4044,1726,4942,2286,10089,2488,2101,1912,3980,22243,12842,1768,6246,4076,7241,6661,36980,7476,2696,4327,16853,5094,8648,15706,11677,14224,1895,10878,6144,17877,1948,13735,1323,2663,2107,18442,2681,4845,5813,3397,10949,965,5832,1186,4667,1252,1718,2914,1908,5302,2097,9815,1439,6448,2028,7855,3843,5598,3591,3092,14518,6580,2662,2694,1475,5083,2967,14341,3954,189,4262,2513,2361,53018,27434,2175,8202,1438,4841,3993,9440,1266,1355,5184,6582,1546,14720,2876,7229,13894,11052,4008,2003,881,8704,11006
4_TET2,16137,59992,26340,4411,20192,21053,17719,5044,80632,21348,7502,45645,11933,20698,20343,95372,70311,108237,11103,8222,81418,29138,12989,18246,21128,29258,9972,19734,8201,5496,3850,33924,15311,8567,32584,40133,49796,4659,13315,28725,56669,19066,7100,20153,27242,28062,17878,40754,7301,50301,13882,19226,4296,5571,42774,21890,37464,9496,29527,5877,12758,33002,25657,73437,23849,2941,9399,14919,17146,6316,14493,16032,12510,53673,13994,31962,10994,42144,2,17813,55915,1617,13033,9066,10431,10321,6297,15463,16462,26758,11725,22703,56628,5580,27251,47970,12648,79668,18612,35457,20266,11808,47922,29766,24480,16119,25144,5681,13681,43737,101089,30909,50642,11681,8568,5213,6405,102363,60659,11223,18718,32234,14724,14390,51421,6481,14804,4969,10151,41220,28645,10978,9115,49067,20555,17088,22605,6056,57593,15803,15268,18836,10649,11001,12496,61387,16930,43114,16784,10989,57564,38641,3540,10899,16564,47436,12680,34841,27051,52416,48799,35018,67283,15667,13517,13616,20354,17829,10087,5380,93434,25149,87118,13972,25955,96006,7369,7687,5732,43049,103449,102544,43766,41242,10640,19464,5793,11407,34064,20156,7077,7125,10037,17053,18501,22024,23883,20301,6850,6101,20360,24765,39244,8934,76726,37469,39861,20378,12828,63103,39334,30335,8902,45692,14740,5834,70087,28238,11142,19018,42069,11157,23676,8363,39657,6039,15496,5895,17958,8065,8893,3639,27945,5910,27014,6480,28323,6905,7795,38370,4392,4692,43370,23592,14279,12541,36485,37191,16164,25698,46177,11966,6465,16973,51202,4692,38894,7920,18245,10921,21052,30366,67259,38965,7938,21195,4998,12986,27029,91834,6205,13409,3819,45061,4541,8020,87630,83250,7612,25602,5142,27348,14266,26599,78889,11245,46820,25782,19866,25866,13411,89987,5037,4736,35837,15376,18211,10591,22610,44797,9438,45634,76556,38599,6209,5990,69349,6356,12408,23569,5988,11399,53739,22917,4895,34860,11717,3239,62492,14929,86005,6270,6290,11103,18963,10039,96204,34889,26021,13658,5254,8872,6287,79341,12069,7156,5956,4760,13147,12415,47757,15386,13258,9553,5116,5283,17482,17061,13371,15572,70159,11572,15363,26699,33419,4822,6855,36095,17351,64183,84842,18390,58144,4436,20412,13105,18257,77254,6877,13128,50775,22229,7138,4737,5721,6831,23539,16411,57314,18533,4934,31281,45243,19434,5737,12834,14902,5675,19793,85116,34483,6778,24118,25968,15701,65106,33220,15497,34577,15151,6918,64153,62447,27598,42519,29531,10002,34897,2821,19061,41203,11286,6772,10236,10416,39242,13836,6561,7172,18338,57327,31420,4703,17485,14304,28132,35313,87163,20646,10075,18002,40124,19337,26103,40111,42183,19383,6652,39949,16315,65509,5133,48992,4948,9547,7682,46837,7790,19380,15471,12545,31416,5541,16743,6663,19416,4715,6135,6908,6222,24365,6380,43036,3550,18375,16676,20864,21082,20522,10138,9409,43106,11563,9972,8054,15712,22043,12627,23170,17214,8917,14829,7450,7021,101023,58609,6017,31110,4312,14622,17912,35465,4842,7192,23359,16314,7147,55437,3976,25483,46433,8096,14226,8044,4552,35175,43266
5_NPM1,26,264,26,12,47,64,0,0,28,8,6,2,0,2,68,382,1151,174,36,4,52,14,4,0,6,20,0,4,4,0,12,574,22,144,71,28,102,12,44,58,376,14,0,37,70,0,59,46,66,39,258,36,0,24,32,10,211,42,30,0,0,8,8,184,40,6,12,18,2,14,0,6,97,74,411,167,0,52,0,30,71,0,0,2,42,21,6,83,32,2,8,4,156,24,5,18,28,188,4,14,30,0,58,52,4,6,2,2,14,2,483,16,79,68,6,0,2,354,64,4,182,172,14,16,135,0,91,4,2,2,24,16,18,234,12,4,0,69,58,0,62,22,32,10,58,154,26,76,6,33,61,40,14,0,97,36,8,20,78,24,164,108,18,69,12,12,22,4,6,104,598,0,249,8,93,925,288,44,219,120,1348,774,64,188,30,18,26,16,73,14,50,12,0,40,68,48,53,252,34,12,26,14,30,155,107,22,6,4,32,152,243,54,0,34,22,63,709,97,0,100,24,4,112,4,102,44,30,34,58,0,0,13,47,8,14,64,14,0,43,0,36,8,88,2,0,95,38,24,0,100,28,15,34,30,16,52,266,4,0,0,74,110,40,0,10,159,36,0,6,1155,2,179,21,14,22,6,323,73,16,0,12,0,0,0,249,16,0,42,0,47,0,164,32,0,58,14,2,47,36,517,10,430,271,69,0,82,4,4,172,2,76,157,412,6,12,14,22,4,368,0,182,0,6,85,30,30,178,72,41,76,0,10,23,476,86,164,4,25,15,68,308,62,41,4,138,0,69,4,24,12,14,2,56,0,38,24,16,24,16,82,318,28,2,16,14,220,56,37,0,0,172,43,91,20,6,0,72,8,94,96,18,0,61,0,12,0,37,0,2,209,46,6,40,86,0,224,8,16,212,12,132,369,36,16,8,0,39,22,8,108,54,64,0,56,4,12,20,2,18,20,188,34,0,82,21,122,40,290,14,30,0,181,0,16,155,30,561,10,68,0,66,14,101,16,55,0,182,43,0,22,0,26,16,36,114,8,12,18,97,14,12,56,14,14,85,0,0,2,86,0,40,391,274,4,8,0,40,66,74,0,0,32,75,22,83,125,80,14,0,22,10,16,0,19,18,0,4,86,40,2,72,0,0,0,10,10,0
7_EZH2,20491,65860,24599,4899,23942,22688,20068,5850,101348,30407,12898,57372,7334,18587,19675,135785,69207,154040,8538,7005,115305,22613,13193,11105,20868,40453,10148,21277,5456,6430,5682,25609,12236,10452,37263,37156,57057,5163,10063,18365,55752,21196,6614,20406,25802,21011,17601,42253,9281,49309,19468,25827,5387,5159,40226,22709,48733,11265,23994,6555,10584,44071,28556,67143,19126,5011,8181,10887,20939,4791,14608,17707,20760,53273,12942,26332,10797,47006,1151,17906,66764,19212,12448,6140,12252,9975,5749,17827,17803,17664,27475,22315,55173,4934,26742,47005,17859,99645,26199,25973,19226,11472,47332,26368,23161,18928,29914,4905,11980,46703,123560,32197,55341,8285,11525,4776,5483,137527,101604,11320,18128,64306,13044,11327,65815,11538,11850,5713,10703,32592,26289,9174,12912,80328,22737,17358,22596,5116,57728,19992,20705,15133,10005,16091,10101,61785,13647,41292,16422,9980,55686,40236,5801,15094,14432,58047,15435,33356,43292,60270,53823,36614,84761,20239,17984,13042,22502,22697,10885,6880,129151,31074,129830,14340,27917,139989,9385,9156,5424,51639,145581,154272,52307,53113,13783,17530,6282,12353,22761,19225,6321,8834,10813,19858,20778,23969,9856,20748,2420,7556,18767,30078,43117,12462,97837,34644,36276,21718,12395,69689,35468,27735,10337,41933,18822,4093,84003,37200,11635,28896,38100,25563,30962,11909,38343,7010,36019,7540,25952,6857,6333,6128,29746,5401,26692,8411,29630,8788,5954,41452,4383,6665,52331,16004,9378,14959,40573,12,12845,22662,37206,9098,10011,15670,45920,4924,36501,6309,23442,8661,17862,47768,44362,37194,4139,17359,5128,10483,28435,130019,4530,15467,9243,27933,4511,17864,126686,94406,6647,24620,7076,24795,33957,32944,100569,8332,40759,25635,22141,28368,14204,121204,7479,5166,39552,15586,17472,6918,27856,56677,15250,38592,114084,48289,7201,5405,74887,6374,14117,27430,5970,17756,54804,26339,5060,36272,12094,5856,63896,20626,116569,5715,6139,26865,27735,13252,110287,57267,28583,9403,5487,9245,6805,109491,11308,23381,6577,6879,9068,15486,45594,25309,12592,10092,3993,4443,25470,16600,15530,17282,35996,12730,18306,28489,29657,5318,6357,24249,18523,71568,115418,16325,60122,7048,5669,12849,17874,103465,5488,6858,44523,26471,5426,5071,4759,7227,28612,10821,70713,27077,5401,29278,57361,38192,5823,6087,20797,4432,21950,103473,23819,8065,28609,28782,17806,69614,28202,13604,28557,15555,6986,72838,76577,27588,23972,27069,11803,32504,6493,15294,39346,8892,4961,12041,7549,38613,17466,7439,7356,17863,76007,40994,5370,13361,15408,28446,38315,104704,16322,12580,18459,40556,22715,32661,47951,40629,29888,5214,32292,20375,57591,5667,48234,5184,11182,7264,49172,11429,14981,13648,12533,27926,8293,15973,9605,17588,4851,4977,9595,7708,23045,7191,43460,4648,19635,18162,20142,16430,20546,11580,9918,31596,14221,6431,10752,16703,25893,6,41407,19372,388,12639,5354,5440,142011,86009,6629,33198,5612,9731,29603,36592,3929,9258,27655,11054,7579,80527,8392,26361,56270,24054,15169,8305,4189,37369,46271
8_RAD21,3686,10759,1885,517,2202,1630,2159,1223,8806,2139,703,4238,254,961,2841,16839,12197,21557,888,552,11385,1883,914,2494,1731,4287,1293,2070,1294,841,1010,830,1105,803,4086,4400,6051,343,1053,1304,5111,1569,1362,2649,712,2440,3051,2563,859,8262,3806,3051,861,1118,5605,1061,4008,805,3346,406,1973,2519,2374,9756,1755,670,1333,3141,1601,1013,1002,1881,2221,2660,3163,4571,679,3663,4,2849,5118,2955,1091,1148,1101,762,643,3507,1412,1365,6096,4529,7318,591,3042,6692,1166,11035,2062,4028,2519,1807,2392,4383,2546,4530,2722,614,3786,2446,16879,3281,5962,712,1124,545,509,21326,10586,1083,2019,4690,1158,1485,6613,1217,1649,515,1413,3265,2697,730,1188,6488,1968,2269,2130,605,6383,2620,2711,3541,1122,1216,1152,8774,609,5146,1930,1145,4096,4719,1194,1354,2315,6295,3111,4867,4168,4392,3799,8317,5519,2055,700,426,2435,2520,1069,833,22062,4357,14958,1106,3953,25100,1151,818,1043,7213,21957,21317,5122,5393,1253,1850,782,822,2335,1413,1592,814,766,1670,2018,2289,2148,2390,504,1350,1392,4041,4428,2566,11662,5494,2443,2548,1677,7582,5865,3562,557,4232,2541,753,12558,2992,801,2695,7240,2692,5977,1487,1637,1341,2571,1231,1886,814,605,545,4041,890,4566,1156,2656,937,1107,1852,823,912,5645,592,1151,1853,3839,10,0,2183,4003,1934,1317,1655,4208,736,7703,908,911,2331,2539,5148,4621,4435,236,5492,434,1619,3928,19903,1034,3616,911,5263,594,373,9570,8979,500,2530,901,2594,1213,2561,16435,1638,2517,2283,3045,2025,1564,13567,1211,493,4984,2429,2533,1605,2444,3323,1681,4964,10216,6486,626,667,5862,1031,2381,2965,400,2343,3605,2867,526,5189,1994,672,7714,1333,15239,717,889,3363,2579,548,12354,7176,2131,1320,836,332,863,13136,1339,799,1037,1336,933,1868,4862,3116,2155,1371,1014,968,2463,968,2147,2219,5455,1677,1556,2577,3144,1363,1231,3843,1957,7836,12078,1879,3826,684,2786,2364,1567,9497,352,2,4056,3449,692,450,820,294,2936,1689,5091,2343,656,2093,5590,2171,656,979,1854,458,5327,16705,6,302,2024,5473,1682,9183,1876,2734,4886,1210,752,7153,4957,1533,7375,3635,1247,2437,876,2727,4164,1259,572,1743,1557,5482,1203,675,1095,1965,8379,4398,688,825,2087,3920,1561,15548,1211,1738,1778,4528,2717,2853,4211,4024,6189,822,4885,1291,4382,738,5961,394,1357,1166,7210,1532,2994,1889,1404,2502,1041,2525,709,1356,352,833,1157,4,1527,1338,6987,702,3128,2143,2162,1807,2838,1648,745,4364,3441,914,705,0,2313,822,3304,1010,2245,1278,666,1142,17046,6827,611,5459,665,2550,1431,3128,512,767,2402,726,198,7782,1019,5321,6272,2866,2772,1953,1190,1947,3043
8_MYC,3332,4947,3844,984,2072,740,2201,653,11042,3589,1517,5328,1021,3671,2551,17117,11163,17970,2400,637,15940,5077,2208,1668,2613,6461,1502,1564,412,283,692,1215,1965,1293,5770,4791,5544,702,1330,2044,4857,4114,1367,2476,4022,4336,1918,6182,918,6918,2046,2631,516,556,3859,1976,2651,2331,6280,915,1023,4118,2003,9038,2066,471,709,2025,2894,970,492,2727,1800,6152,1046,5219,1799,6161,4,2116,7244,251,2168,1241,1568,1008,890,2054,2595,3892,2862,2580,7110,754,3534,7413,1788,9440,4250,3182,2577,2371,281,2427,2096,1615,4045,591,2093,5853,15401,4733,9596,666,772,640,640,18090,5758,1687,1895,5182,1119,2872,5307,1151,3778,632,1207,4497,3342,340,1408,6626,1760,1190,3597,885,6416,3013,3152,1367,1333,1511,1441,7366,4213,6158,2281,1066,7700,4884,367,2505,2889,5672,1117,5265,3008,3326,4999,5662,13200,3130,3209,2009,2520,1513,1461,734,16010,4109,15668,1928,2242,16829,1388,520,554,7227,15840,16729,6521,4644,2515,2068,873,1061,1514,2198,1130,1025,920,2109,2170,2717,2970,2641,701,2420,2002,3994,4601,1167,9167,5266,4809,1901,1781,9412,2924,3810,913,5523,1825,958,11844,2650,2752,2570,3614,2670,2546,878,3705,747,752,640,3392,1927,1097,700,5314,1230,4801,732,4118,938,1041,3162,815,956,4569,1374,1785,1524,4036,8,1573,3384,3975,1092,1664,2094,4761,536,3663,802,1787,1324,3795,3643,6913,4259,932,2337,755,910,3982,15710,517,1467,1126,4121,869,2864,13150,14722,939,5092,793,1490,4673,3082,10772,1793,3705,1742,4079,2992,1355,11797,1362,490,2964,2440,1732,1450,2337,5777,1878,8494,13123,4289,794,779,6528,914,917,3157,664,1739,4726,3035,1014,4130,1191,668,6635,2862,12368,1221,753,1369,5612,1060,10920,3930,3195,1894,598,827,914,11845,2241,8,1050,1768,1853,1412,5287,1159,2043,1112,305,484,3154,1119,2763,2455,6417,1897,1407,4222,60,667,616,3478,3912,8290,14356,3596,6154,1025,1333,1409,1460,10305,855,0,6367,3092,1242,518,336,526,1202,3544,7848,3192,1086,5590,7596,2973,616,8,2304,198,1897,12564,339,1130,3533,3328,2086,6295,5510,1528,6128,1825,990,7387,12243,2789,3604,4851,1218,4505,1603,3939,3496,1238,1181,1508,1158,4899,1321,1211,686,3109,7298,7254,805,1952,2816,5166,3594,10015,1447,1117,1029,3680,1837,3921,4923,5109,2471,479,3904,4018,6000,1088,7313,735,1766,897,3773,570,3030,2763,1505,3524,1981,5119,703,2447,787,392,1329,880,3154,1368,4306,388,1829,2108,1829,3229,3369,1814,1219,7381,2198,1343,897,0,2289,774,3474,1664,2430,2165,1262,1431,13014,8384,790,3692,1008,1629,2205,5064,1016,1465,3256,1523,848,8599,1825,1417,6139,909,2042,274,248,5965,5123
9_JAK2,481,4763,767,282,294,0,492,602,7683,1675,1647,2775,480,739,42,10802,2137,11693,56,496,6761,870,901,731,1187,3109,116,1268,1051,397,74,2494,1031,367,522,1876,3442,222,238,1073,4240,200,142,751,1003,1001,1240,2539,309,4253,328,547,264,274,2548,876,5222,338,1136,187,68,1750,256,4234,582,354,964,1512,1060,428,1590,182,2196,1964,860,751,112,3419,375,1717,1110,0,412,615,533,389,258,1548,576,1078,669,2148,4880,30,2361,2720,412,6811,3037,646,1352,418,4158,2124,2744,1802,1843,80,849,2760,6050,1728,4397,1209,132,226,56,7155,5385,401,940,959,678,181,2265,302,562,78,344,2713,1123,216,478,1945,1624,520,1343,48,4517,1586,185,865,1695,10,4,3270,1260,3191,301,553,3123,2319,582,375,612,1114,475,1598,3094,4499,1068,1357,3848,1125,743,804,1048,1060,426,408,10465,2941,5172,615,1741,8942,708,1137,276,3090,10543,10875,1568,3278,402,1001,174,230,1394,1086,178,344,607,410,844,386,0,833,0,254,397,3096,2366,463,3428,1617,304,1018,631,2273,2332,770,358,2979,1193,67,3407,1153,388,518,1988,1629,1161,575,1270,182,210,158,420,2,274,305,1664,224,2103,589,2009,429,122,0,947,102,3674,1244,250,1205,2709,2,2073,531,972,865,526,145,2664,307,1661,506,1846,1407,234,2152,4071,1687,530,779,284,258,1586,6237,193,850,971,2727,456,374,4383,5250,553,1221,468,1075,699,110,5923,434,431,896,1060,1015,624,6313,366,179,1755,477,997,270,361,2644,344,282,6896,1564,682,392,8347,384,636,598,168,1072,2233,646,268,758,660,328,1439,1191,8082,127,485,1348,526,380,8688,2665,413,955,113,387,563,6367,86,0,597,165,108,840,4863,948,2265,859,263,487,1031,1438,382,878,671,384,556,3851,449,682,86,1582,1070,4064,7295,1963,5831,151,1032,630,408,8807,492,70,6062,669,40,395,212,280,1279,64,3621,873,174,3294,2986,2088,288,0,1247,141,2120,6736,5980,246,480,1388,606,4657,710,1323,588,710,356,3053,3667,1229,2654,834,983,1768,194,352,3610,191,551,370,274,3120,178,218,523,624,1031,2903,272,926,1314,530,446,3026,533,1466,301,2792,1211,1487,3292,4264,880,643,2015,280,2025,0,3488,192,200,316,1946,383,585,789,117,690,119,1093,540,700,63,362,719,495,840,260,2012,263,1195,486,643,1703,1045,162,522,2108,500,1022,298,3122,3351,969,910,1518,286,846,48,142,10200,2950,430,1377,188,934,1867,1796,74,413,1294,351,594,3465,348,2200,2461,3019,255,260,86,184,2063
10_SMC3,1845,8129,2497,750,1420,1279,1852,766,13082,2483,4201,7300,590,1647,993,18358,4168,23798,331,226,15742,2264,837,1614,3503,6467,639,4444,1868,584,526,1517,1567,1315,5169,6247,9622,690,1300,3176,7142,2522,815,3163,3439,1393,2556,5913,362,5547,3097,3185,603,232,6439,3211,2441,1114,2538,336,3050,6174,2623,12385,1952,683,1332,1406,2410,1053,1773,2069,2673,9655,1818,2696,1328,6355,324,2303,6809,450,2080,1006,1099,1319,450,1580,1479,4422,1399,3738,8929,372,4470,5886,1325,14805,2639,3261,4162,2428,7059,6382,3111,1636,2312,770,1030,5225,15581,4278,5220,1364,1018,416,514,20266,9258,967,2265,4786,1948,1889,6538,617,1380,680,1794,5120,3987,1040,1176,7282,746,2240,1837,302,6937,1825,1137,2620,888,1213,1078,6869,4614,4872,1158,1598,6858,5188,408,400,1699,8662,692,5968,3703,10095,3886,8494,7446,2976,1752,1510,2487,2440,1506,1082,15044,4603,16092,1423,3698,17282,1259,2536,590,6877,20875,22701,5286,5441,1753,2082,740,1112,5706,2746,656,1169,1272,2057,2593,1025,1851,2673,429,493,2545,3441,8021,1523,10586,4964,5013,2300,2624,10978,5776,1578,1386,5819,3481,232,9141,4852,728,2688,4896,4,1544,668,2611,584,3856,538,1576,382,802,620,3448,1012,2854,855,4790,645,379,1703,1059,638,5136,1958,468,1865,6676,2,599,2478,3275,878,762,1051,5033,480,4272,1577,2927,864,1228,5283,6428,5866,560,2574,871,1852,3545,17691,348,1870,933,5454,569,1435,14393,12826,1179,927,1230,2105,3505,2682,13495,2214,5604,2468,2591,3330,947,18645,1004,595,5545,2049,1569,1117,2545,4316,1955,1870,13952,7248,559,788,13198,762,1005,3356,427,2331,5157,3126,593,5894,2058,250,4161,3212,11020,564,949,2238,2512,930,16917,6373,3518,895,777,1411,1184,14725,778,2876,380,998,988,2665,4759,3868,1881,891,448,534,1595,1734,1214,1699,6580,1254,1860,2537,5613,426,600,3063,1704,12195,16285,5239,6416,254,3976,1606,992,9828,672,211,9773,2801,631,198,602,338,1472,1029,9409,4096,312,3870,4270,2222,565,596,1706,459,2501,11561,1970,690,3975,1822,2547,9329,3992,1315,3091,1437,664,8728,6989,4601,5364,4297,1628,3435,446,2226,5356,1474,851,923,569,5100,2184,904,1238,2548,6755,4502,1090,898,2342,3252,6248,11141,1240,1575,1430,6581,1443,2800,3510,4537,3694,764,4376,1986,7823,208,8448,610,1061,770,6927,830,1992,926,956,4432,768,2031,1919,1350,392,708,606,651,3024,294,8600,859,2552,764,2218,2559,4244,1469,1005,5480,1776,1801,1372,3026,1765,1018,6129,1800,1653,1674,202,674,18416,8440,433,4603,882,3376,4489,2391,454,350,3010,348,983,3714,428,2352,9428,7270,785,460,648,5254,6091
11_WT1,2182,8314,2280,854,1620,2150,1814,218,13446,1432,18,2992,635,3788,1206,20230,5596,20574,519,1408,10598,2354,939,996,1960,3307,701,2291,2052,116,478,2,1490,931,1558,3779,6346,727,1621,6110,4875,2554,1587,1289,4910,2319,2361,1775,490,4925,1642,2226,398,554,5240,2333,3861,1016,3175,712,1045,3141,4667,6590,4036,878,1175,2130,1852,705,1536,2379,1429,6659,1031,3845,2153,5572,0,1782,2065,2,1650,1363,539,1466,549,1834,1365,996,1893,3636,12087,1550,3499,3822,715,9685,2567,3253,1981,1325,4969,6424,3302,3409,2836,498,1206,6238,13643,2763,6217,2270,1342,564,1023,15625,9209,1739,1754,4016,825,1080,6431,885,1425,805,656,2917,3002,1136,927,7203,1846,2413,1947,345,7040,1767,976,821,983,2266,1042,7229,1521,5249,1454,754,5621,5930,521,2137,2432,4331,1909,4391,3416,7058,3140,5454,8695,799,1091,2453,1718,2894,1585,684,19041,3048,14274,1361,3565,15639,1516,1315,672,5778,18482,17576,7883,6076,1260,1853,731,2101,5725,2888,413,654,929,1789,2314,1722,2028,1612,530,538,1630,2209,4773,1081,10651,2940,1275,2756,1512,8171,4603,3888,788,7259,2069,265,7549,3756,911,3342,5341,2,1196,911,3789,950,3051,909,2288,551,342,537,3685,584,3269,807,4514,713,880,5054,306,838,6456,1782,993,1743,4839,2,1441,1198,4281,1433,841,1596,8318,624,3971,642,1956,1278,1958,5739,5740,3044,725,2562,310,1458,2327,14061,1126,1698,822,4552,629,1578,13114,9670,697,3434,832,2881,995,3116,13131,1473,6094,1641,2219,4166,1374,11355,679,134,3862,2122,1530,723,3372,6300,517,2245,7032,5449,557,558,9882,1729,1306,2498,658,2335,5077,1185,422,4928,1139,708,7518,2092,16900,583,785,112,2312,1562,17020,4544,1180,820,703,660,1470,12473,656,4,299,887,1165,1339,6905,2221,2323,749,630,768,1721,1217,1824,1897,4192,1010,2259,2092,2239,1141,716,4738,1551,6931,18108,2826,10135,716,2651,1756,1054,13460,205,0,7571,2164,272,420,526,930,1909,781,9430,2218,326,2915,5413,6414,523,1443,1748,1187,5694,13159,3060,327,2688,2416,1565,10890,3540,1464,3491,2028,620,7571,8450,3429,1622,2635,1191,5902,490,1686,5011,1249,872,1021,720,4726,2044,326,654,2354,1999,4798,241,2902,1702,3706,3350,14720,3023,1791,1947,4080,1601,2286,5758,4361,3636,588,4760,801,8245,671,5354,890,796,1703,4578,624,2261,1550,1803,2695,848,2887,902,1072,585,791,1279,737,2887,861,6038,496,1633,2640,1655,2247,2050,1111,1167,5489,1380,1746,941,1543,4474,705,3819,1464,0,1448,357,606,16355,9930,774,4416,639,1822,3323,5749,476,422,1769,806,781,8603,0,1357,5688,934,2863,699,62,5229,4370
11_CBL,2386,4788,3352,715,3976,3646,1330,580,13947,2302,755,7880,1680,1130,2524,19584,8572,22508,718,249,18712,3260,1245,1402,2158,4322,1715,2767,1613,981,570,4160,1419,1071,811,4810,8213,722,1378,2337,8685,4020,861,3120,4279,1748,4159,2364,546,7864,1614,5107,693,620,4765,2986,3393,1491,2444,471,1626,6185,2139,11829,2835,702,1092,3013,2276,364,1849,1399,1741,5370,1914,3707,3530,7114,0,1562,5361,1068,2141,1587,1205,1818,808,2696,2967,2368,862,4264,7346,1004,5178,5489,2415,9872,2090,3102,2171,1273,6492,3618,3443,2131,4655,964,1804,8011,20182,3338,7361,422,993,572,1105,22485,7863,1006,2944,6521,2638,2614,7479,1736,1581,494,1498,6470,2974,348,1252,7418,1712,2588,4359,510,7297,3405,1901,1029,2366,594,2045,8041,1939,10306,1883,1096,9350,5423,1000,869,2284,7914,2427,2820,3326,6947,3933,6596,10225,1810,2394,570,1946,4471,1222,674,17406,2415,24121,2527,3734,22845,1420,1304,707,4550,22788,27059,1872,6090,1406,3646,726,1424,5510,3113,889,1725,1624,2551,3348,1333,2663,2956,772,1000,2670,3448,5062,1292,13058,4422,2978,3948,1014,6261,6618,2398,734,7233,2684,264,11634,5028,946,2721,4617,0,4396,1346,2585,311,1696,1019,1263,487,947,425,5581,985,2772,846,4390,937,596,1879,964,799,6903,3122,1368,1239,5632,0,3065,2060,5704,766,1321,3355,4633,644,5663,911,2067,589,2760,5038,9867,2851,311,2710,767,869,2417,21430,708,2201,890,5581,775,685,15281,12957,948,3076,718,2099,3104,3731,14835,1812,3371,1172,2055,2218,2453,13315,346,200,4070,1332,1513,1069,4037,4222,2808,3856,15869,5214,1155,583,11516,714,1400,3952,622,3385,7545,3616,534,5277,1546,1141,8590,1682,14743,578,1142,2482,2107,783,14661,6586,1854,1484,738,663,502,10879,1700,3831,1585,786,1450,1830,5573,2635,2078,1209,478,246,1619,1424,2460,2788,9572,1491,2496,1772,3566,566,440,8157,1819,8694,15573,2763,6257,385,3808,1721,1603,13001,688,0,10195,3804,167,713,273,1912,2713,1055,7448,1872,396,2293,5289,6780,673,1677,2361,602,4028,14381,1112,903,4378,2747,2124,8037,3717,1585,4436,2027,907,9536,8399,4302,3247,4136,1012,4256,1067,2044,5692,1118,809,1517,508,5917,2397,995,836,3059,6209,6058,379,2539,2773,4212,4952,17130,1404,1428,1998,8328,1892,1899,6530,6216,3699,610,4293,1081,10325,749,9935,817,2445,847,4793,1008,2400,2470,2236,3661,1111,1090,2817,1405,341,996,1304,0,2371,683,8919,710,2779,2514,2658,3037,4853,920,957,3604,1305,2249,1216,2668,2494,194,6949,2869,1104,1873,620,977,14700,7766,1053,7113,540,2844,2904,4729,566,926,3744,1329,742,6935,216,2995,6873,4,713,524,142,3357,6311
12_ETV6,2971,19684,4275,772,4220,3562,4006,2250,21863,5249,4179,9303,889,3142,4434,36640,11901,42189,1764,2570,24946,4238,2671,1848,4057,8379,1080,4707,1733,709,1072,3202,1905,2259,5601,7238,11074,466,2334,5541,10103,4067,1852,5103,4146,5529,3971,8152,1826,8840,4273,4875,1124,1286,9099,4265,7735,2041,5063,1444,2833,4499,5501,16505,4519,804,2003,3286,3695,1438,3355,3099,3627,8256,2977,4344,1730,7678,70,2832,10714,1172,3101,2401,1612,3017,919,3663,3088,5248,2280,5156,14127,1142,6756,9184,1212,21193,4581,8654,5080,2093,10246,8322,3900,5024,5756,1120,2497,7065,28783,5591,11128,1681,1883,884,888,32449,17718,2338,3615,7157,3367,2852,13161,2867,2239,1022,1677,7371,4360,2234,3858,15005,4649,3587,4451,1653,11938,3662,2760,5358,2160,3173,2399,11958,2660,11735,3791,3094,14403,7883,1447,2017,2601,13447,3021,8088,5871,15025,8439,7618,14624,2381,3798,2440,3510,3358,1879,1591,33139,6531,24646,3481,3865,31440,2557,1721,502,8733,38835,39639,8261,9306,1040,4213,1414,2573,3258,3228,1473,1518,1547,2981,3671,4540,3591,3821,1358,959,3189,4579,7714,2721,16097,8401,4643,5344,3867,13454,7423,7326,1390,10584,3159,1443,17229,3569,1242,5904,8038,2944,6137,1474,5955,1599,5254,1066,2280,1447,1198,1242,4741,1535,6283,1230,4778,1778,1490,2153,909,1000,6293,3272,2200,2860,10145,0,2068,6650,7212,3055,843,4053,7353,1321,7008,1195,4793,2184,2809,7047,11972,4567,665,4848,1451,3269,5779,25397,1572,3481,528,9211,766,2770,23100,21990,1785,2572,1069,8066,6472,3867,24231,2665,5270,2758,5043,4275,3041,25106,1461,1000,7319,3838,4469,1596,4961,6221,2264,9860,14250,12461,1858,1449,14005,1333,3608,3350,748,2704,6281,5341,696,8037,2561,1445,11383,3889,21637,1196,1407,2607,4335,3505,26496,5958,3233,3525,714,1360,1211,21214,2063,4835,1238,1407,2291,3020,14753,4072,2399,2501,1548,1128,3747,2914,2747,3335,8833,1562,4578,6446,5482,1395,1020,6354,4050,12759,25096,6972,8388,1248,2059,2455,2825,16628,1122,16,9757,5202,1432,1094,1478,1469,1703,2409,14594,4389,1433,3983,8471,3176,1099,1226,3187,1288,7616,26318,3813,1538,5405,6135,4717,16294,5963,3027,5624,2304,1232,11346,17643,4640,8903,5984,2644,4890,1331,2803,8444,3030,1433,1925,3718,8805,1789,884,1838,4899,13592,6241,1188,3360,2708,5809,6869,21532,2343,2389,3972,8235,3705,4380,10413,12146,8332,1331,8290,2595,7718,1066,9716,726,2178,1520,9422,1333,4455,3408,2541,5173,898,2817,1376,2244,786,1016,1574,970,4378,1734,10605,855,2811,4618,4594,3114,6945,1685,2135,7698,3382,2619,1799,7873,4548,60,5821,1336,1765,2322,1358,1575,23873,12839,1482,11890,1552,1572,3025,6609,677,1693,3700,2426,1429,14597,1264,7486,9714,12,3849,1217,1121,8929,7467
12_KRAS,1682,6373,4212,586,4471,2038,962,934,12972,4801,2240,5331,538,2176,1727,22178,7678,22257,864,118,9205,2987,1786,1413,3162,3974,1220,1898,856,549,707,3507,2426,1332,2278,3748,8495,558,1627,6327,5615,762,404,1353,4524,3382,994,4108,1373,7623,1820,3326,518,575,8012,2997,5199,1364,3536,1380,1327,3671,2953,12623,3230,967,788,2586,3266,1040,461,636,3146,9499,1297,4156,2488,5103,1757,2771,6151,1638,1895,1581,1550,1204,646,2107,1657,3691,2391,3985,6756,518,5271,7899,1944,12166,1947,3106,3960,1389,6874,3004,4515,2917,3613,592,860,6531,15169,3925,8502,212,1431,553,864,16584,14159,1170,1835,6859,1133,2288,6064,1495,1477,834,1306,5536,4732,312,1623,6617,2471,3044,3860,580,7445,3693,1569,4310,2029,1501,1639,12207,3492,8574,2421,1710,12922,7283,967,1134,1576,8939,1411,5451,5251,6484,5189,5036,8688,1360,1241,660,2898,1333,1617,1014,18764,5533,20002,1085,4565,16250,668,1133,949,7240,19649,21266,8266,7294,805,3668,521,1006,4648,2798,1118,1506,1903,2647,3427,2522,1297,2686,485,818,3277,3500,6726,1132,16190,5513,5650,3473,1454,9554,4432,3186,1128,5268,3557,518,12369,4782,466,3421,6384,2434,1777,1341,2545,404,5938,562,1852,452,1481,525,5374,311,5345,965,5167,836,1096,2187,959,518,7919,2206,1377,1860,8870,0,1686,4966,5976,1560,1392,3017,7535,454,4144,532,3156,1545,538,2651,4312,1690,1835,3199,410,1423,4169,20381,439,3499,662,5990,618,803,17929,12939,954,2974,1002,3654,3979,4417,14740,1030,4813,1814,3139,3177,1604,15234,897,512,5123,2862,2504,807,4795,5736,360,3668,13674,6256,452,674,10717,1144,1008,742,546,2321,5704,3759,432,5451,1980,1143,10306,620,10698,597,963,1306,2916,1117,15274,5005,4166,1408,365,933,1077,13329,715,6141,761,1114,1496,1947,7864,2164,1474,2106,782,375,2787,1831,1551,2433,6989,2719,573,4364,5246,603,648,7355,1607,9959,15069,2701,8152,1212,985,1598,2118,12250,296,2,7363,2254,732,786,408,1170,2487,1288,8376,4139,910,5926,7366,6625,602,276,1464,868,5209,12326,1408,1341,5949,2859,2201,10698,3618,2169,3282,1792,998,10654,10590,2916,4738,5180,2412,4749,1038,2017,7419,2418,767,1362,837,7018,1087,467,1206,2817,7430,5609,640,2358,3309,4320,4750,13896,936,1674,1787,5351,3044,3161,5894,5547,3343,661,3576,1214,8090,693,5764,358,1695,714,2840,1212,1471,2466,3364,8428,985,3115,1667,1307,312,1053,678,568,4034,817,5005,572,2095,3140,2495,2598,3944,1316,1611,4619,1397,3065,1353,1821,3380,0,2724,3227,1601,1641,482,794,19190,7124,1095,5532,418,2308,2121,5409,723,1342,4292,1789,919,14421,253,3212,5975,2562,486,1349,320,3224,5370
12_PTPN11,4805,13245,4557,916,4626,4633,4058,1081,18997,5474,1704,12664,987,4645,1911,29601,10903,36570,912,923,25172,5522,2759,2049,4460,7956,2054,2928,2774,590,1459,4229,2916,1431,4484,7756,5015,239,1627,6078,8052,5158,1495,5539,6049,5270,4786,13765,1886,11941,3537,4118,964,1254,8086,3081,11891,2573,8558,765,2215,10545,6172,15643,5385,1342,2884,2502,5045,2200,2824,2810,3451,8157,3481,4066,3353,7573,3192,4068,11616,2629,3083,995,1987,2299,691,3394,3460,4339,2701,4172,20254,1179,7489,12184,886,28005,4980,10614,4549,1859,11578,8277,5698,3148,6778,857,2282,7341,25675,8649,14357,5157,2580,931,1454,31202,25007,3175,2818,12732,3951,3826,15515,1333,2071,1188,3651,8607,7479,599,3547,15214,6971,4164,7544,810,15270,4650,2678,3401,2282,5756,1928,18367,849,12019,2370,2366,14290,11815,1371,2130,2546,13905,1977,14836,7261,15098,6297,6683,11417,2020,1412,2880,3637,6078,3231,1452,34603,8458,24659,2424,6922,32707,2895,1496,748,13774,33572,33774,9332,10851,3949,4748,1600,2340,6732,4378,922,2180,1997,4858,4017,4212,2807,5372,691,696,2630,6084,6097,2601,17197,15570,6049,6865,552,17856,7676,6351,1874,8951,4455,407,19404,3638,1595,6429,8791,3331,4251,1691,7502,2069,4939,1300,4676,802,1502,976,3408,1306,5638,1999,6032,1161,1322,2597,916,1387,9184,2384,2189,5723,9982,2877,0,5304,10167,1495,952,3825,5333,1896,9402,1994,6970,1901,1997,9242,16108,7313,2017,4489,824,2995,4566,26669,1727,3445,1886,8091,1409,2307,26633,20835,1753,2748,2472,7164,2,5122,23833,3805,10815,5943,4764,6168,2728,33822,1101,969,4615,3189,6156,1190,5933,9379,1057,4423,20384,8737,2306,1540,18361,2174,2945,5821,917,3435,14280,4165,707,9090,2770,1354,12756,3629,27915,1282,1701,3686,4307,1040,29818,9427,975,2139,848,1699,1696,24271,1817,2171,1610,1041,2590,3434,10885,6250,4101,2020,1110,626,4697,2417,3047,3083,8804,1960,4261,7631,5857,1448,1773,8449,3440,15088,26818,6884,8460,1152,3814,2873,4650,15814,1302,8,8400,4119,982,1721,1229,1529,2307,1422,19048,3613,1618,7782,11754,4237,1274,893,3237,1012,13167,18897,2187,1623,6603,4749,3378,17206,4204,2882,4738,3157,1199,11938,20502,4833,8354,4591,1974,9638,895,2808,8023,2826,1605,1704,2093,10331,2359,1014,1873,2805,12281,10962,1726,3133,2895,3824,8228,27781,4453,3895,4261,10148,3426,4490,9923,7404,5351,1234,8005,2212,11490,544,13119,646,2340,991,9016,2003,3475,3278,2474,6281,1540,6371,2213,3190,1217,1557,1053,1798,7564,810,10908,876,4379,2164,4623,1547,5083,1420,2406,7493,2366,2651,1831,5807,5347,2,12630,4191,1445,3263,621,839,29003,18455,1184,9884,428,3879,7415,8045,1730,1577,6437,3069,2545,12542,2559,6586,11648,9311,2160,2052,1742,8890,11447
13_FLT3,4222,12934,4014,1417,4202,3030,4740,1818,27381,4592,4650,15743,1553,5045,2235,39539,7494,39494,618,1499,29107,3282,2206,4577,5681,11186,1679,5144,3995,966,862,9719,2491,2271,7495,12014,16872,907,2580,7270,15987,5498,1943,4187,9153,5991,4529,9660,2437,11938,3192,5344,1256,1427,8934,6410,12059,1767,4863,1108,2507,7120,9533,17854,6327,1987,2245,2563,5410,1390,4109,4389,4478,11249,3810,5004,3545,10456,2271,4619,15310,2735,3377,3345,2573,2928,1197,5159,4475,6566,11720,6519,19949,1372,8558,10524,4876,22789,7232,4807,6440,2642,12046,10999,10190,4488,8738,1354,2826,7669,34379,9180,15117,1282,1723,1127,1150,27543,15161,1297,4468,4754,3359,3378,11755,2123,2067,1081,3459,9859,8172,1200,4141,11813,6003,5000,4442,330,15280,5749,2598,3359,3181,7081,3774,13244,5814,14779,2275,2772,16322,11311,1430,1986,3407,12381,5115,9217,6080,16758,6827,15276,12865,3953,3821,3412,4142,4777,2966,1355,34487,8568,24853,4061,4012,32448,2219,3004,1175,13506,37401,39113,11753,11783,3759,4651,2199,2135,10402,3981,1259,2639,2735,3069,4059,2719,1249,5203,467,2870,3130,4141,11902,1759,23085,10996,6055,5893,1950,18453,10860,5993,3587,15823,4477,314,13220,5370,1731,5525,11964,2608,3503,2802,3605,2090,2413,1150,3206,466,1055,799,5654,1675,7131,2419,6513,2210,2658,2,1654,882,16282,4298,3017,3237,11554,6,2173,5879,9112,2488,1904,3302,8787,1063,8588,1805,6970,3081,2587,11145,14089,10282,825,5855,1300,2378,8854,26597,2285,4149,1948,7411,1070,2897,25086,27448,1904,2269,1702,6719,6330,9622,32610,3952,12287,8634,5271,6696,6829,26052,1396,575,5667,3585,9303,2112,7264,12926,1785,3272,23613,12289,2741,1432,24701,2003,4699,2740,1570,3304,11674,5369,574,9748,3335,1790,12482,5365,31773,1584,1771,4414,4183,2452,31611,9403,4278,2347,795,2427,1431,26171,1560,2448,1726,1355,1013,4139,11529,5630,3982,2802,1016,1179,3494,3468,3198,4536,5994,2452,5295,9191,6780,1518,1865,8016,3148,21227,30892,5302,14419,2097,4280,2802,1699,29211,573,358,17030,5050,817,1122,1728,910,6,1368,11284,4445,932,10564,10342,9401,1123,1931,4187,1225,4,31540,5969,1302,9305,7646,3459,15265,7829,2948,5626,3445,1250,13357,19270,4602,7155,5514,2615,3833,1825,3597,12225,3488,2041,1776,3039,10247,2252,1638,1534,4598,10896,7824,1369,3467,3101,6196,7667,31226,3500,3579,5062,9612,3165,7592,11282,10632,4652,2040,7798,1411,16379,675,15432,1323,1096,2733,12528,2079,3995,3415,2085,6704,1706,4900,1248,3217,861,1612,1660,1435,4237,1460,11611,1005,4587,3027,5941,5092,5944,2330,2220,7582,2332,3846,2491,5215,6044,2,7629,4179,154,3661,372,1143,25193,19543,1808,11702,2213,1980,8377,9775,1315,2074,5064,3792,1646,14149,1985,6938,10976,0,2928,1753,2061,7655,8365
15_IDH2,528,1775,698,46,113,238,580,128,3352,919,920,895,74,343,451,7871,2053,6481,86,246,4233,214,296,8,642,613,86,388,754,640,342,0,304,563,917,1390,2030,92,210,973,1554,482,357,1481,974,864,1023,670,425,1218,772,743,238,323,839,732,1525,526,1326,26,98,738,206,780,332,272,590,568,131,20,364,44,26,1341,516,762,256,697,1450,972,1163,0,598,578,6,579,146,968,184,478,0,1124,2383,92,682,3206,248,7591,928,937,636,138,947,2626,761,345,1332,104,163,452,4223,1124,3181,22,344,136,192,7460,1122,190,1108,843,222,344,2930,438,421,84,84,1105,12,78,70,2223,370,260,903,52,1781,308,142,164,800,1136,431,3915,68,3246,219,521,3357,2278,226,698,309,1087,64,1876,1386,3218,2499,2929,681,1251,106,278,908,1633,68,272,6831,259,4127,380,1549,5784,781,1193,74,2284,7194,9923,1380,2210,728,452,241,352,101,1157,226,826,14,595,950,654,363,691,92,629,262,549,72,468,1687,314,261,1611,80,5119,1908,786,568,1643,397,40,4760,438,34,128,447,604,418,1029,3288,221,598,205,98,127,122,144,851,74,386,279,537,651,210,838,250,24,2373,1065,582,1579,1752,0,163,1334,1684,242,499,539,1999,404,1197,78,578,480,122,4719,220,2025,405,934,550,484,1317,7979,390,1021,488,2644,250,2,2049,6057,436,704,368,336,299,46,5040,388,790,396,1018,964,277,4065,138,2,2455,899,906,238,751,1141,374,366,4554,396,659,138,743,580,1245,426,336,426,1796,492,280,1115,844,158,1548,160,6421,647,206,1428,643,603,6606,2064,502,0,70,108,344,3994,212,182,568,34,418,390,5266,1231,302,462,554,338,848,1084,251,434,1728,679,0,551,1580,404,360,1148,280,3944,5886,989,926,451,84,802,518,2449,24,0,2916,860,136,268,82,224,0,264,900,288,432,1270,1750,0,132,0,152,144,536,3819,1334,154,567,2058,560,2801,405,633,713,313,260,1061,1641,1770,1414,1347,559,2417,264,427,1326,70,200,449,290,846,828,146,254,760,1867,916,135,863,545,1892,711,6752,70,1642,128,1348,1069,963,1454,1915,1153,230,933,2,2892,0,1596,16,464,864,1771,58,1059,160,296,216,196,361,64,99,194,344,6,136,616,447,1029,92,653,12,26,413,650,94,514,825,674,386,326,0,336,621,486,341,138,729,14,106,6282,4848,364,560,204,4,156,1294,64,358,380,60,198,4589,0,298,2435,664,365,14,60,133,1024
17_TP53,2483,9760,4829,386,3746,794,3466,1176,17735,5133,4723,6512,2129,907,2211,29660,15080,33631,2311,1944,15450,7036,2514,3513,3056,6333,1300,3973,1798,1186,416,6274,1287,2102,5000,5251,8323,715,2483,5909,9110,3386,1621,2759,4300,1303,3298,5186,1452,8227,3033,3488,767,1096,4579,3270,5378,2259,5891,741,2124,4102,2517,11409,3129,466,1701,3242,2019,1151,1484,2782,2060,8062,2794,6800,1382,3807,3398,3158,8485,2092,2163,2693,2226,1871,1181,2429,2267,2887,1822,3540,14199,1090,1975,8301,1974,10649,4477,5711,2821,2689,6504,2572,3629,3721,5211,691,1653,5268,21876,3403,7960,1493,1652,470,1154,27044,11219,2237,3318,3753,1840,2807,10312,18,2803,1194,2641,5803,4899,2269,2068,9882,1588,3054,3785,2310,9991,2731,3973,1908,1725,3169,1334,7941,2969,7647,2979,2357,5804,6841,733,2405,4052,6520,3578,5407,5982,10597,8625,7036,11135,2866,2115,2477,2777,4248,1342,1291,23791,4219,20989,1283,5273,24721,2478,1540,889,4732,29148,38697,5480,8332,2598,2980,1276,1462,5398,2719,1412,1460,1265,2888,3029,4653,2396,4146,641,1034,3141,4923,7294,2165,13478,5542,6990,3781,2603,11208,7953,7166,1672,7141,2879,1379,16789,3507,1235,3424,6302,2288,6459,1749,7325,963,4188,1018,4864,1847,648,827,5182,1323,3593,1511,1858,1500,1676,5156,1321,1192,7074,3438,2436,2825,6810,0,4,1619,5222,1649,1480,3544,3898,497,6168,1348,4512,1243,3378,9064,11612,4979,1816,5446,785,2012,5512,24825,872,2698,1448,6205,502,2461,15649,17557,1688,3930,1295,4473,3823,3607,11035,1920,8232,3445,2893,2983,2221,16220,1056,966,3975,2627,2501,2721,2726,6521,934,11121,15986,8466,1202,541,8635,900,2680,2631,666,2095,10314,3023,947,6510,1789,1298,9858,2617,20620,759,757,1559,3534,3234,21084,6979,3289,893,1317,1855,1126,12391,2061,6681,1156,1130,2090,2406,7622,0,1741,1448,1101,992,4350,1913,1098,1598,8166,1857,3913,4350,3946,723,1203,4885,2467,9989,15573,2898,8709,979,3086,2037,2144,14156,1658,4,10474,2901,1865,703,672,983,2577,2629,9168,3423,869,6770,9068,6,1158,766,2724,720,3804,19121,4,1169,2903,7016,3054,7969,4474,2486,7203,2043,1237,11810,13979,3915,7216,3726,1370,5756,1235,3704,5546,1823,1148,1964,2707,6430,2642,1053,1141,2583,11233,5330,729,3986,2305,5159,6437,20451,3167,1968,1947,6621,3622,3833,6793,7641,4078,1025,4779,3072,12089,676,8246,424,1695,1154,7604,1094,2635,2113,2358,5648,2164,3478,290,3046,911,816,547,894,2974,1116,9391,870,3619,2482,2382,1620,3970,1335,1659,5339,2442,1447,1775,8,2987,4,5314,3662,460,2119,1180,1602,33510,8882,1257,4976,912,1962,3902,3995,1158,1330,4139,1782,1090,12066,500,3649,7632,3030,3590,1367,1259,5702,5742
17_NF1,19262,77278,28760,5434,21152,21850,22347,9742,124154,28975,4537,69354,7975,17627,16321,161781,64341,167307,7540,8915,121537,26172,15621,18394,23859,47670,13208,25661,12868,9105,6127,20603,14966,11669,38093,46815,46019,6083,11319,31582,74055,25086,9083,29898,34702,24874,21982,48246,9031,64152,17091,26487,5777,7896,54066,26065,46976,12492,35525,4207,18259,41612,39285,79643,25815,7303,12734,19721,23278,8289,14999,18406,25583,60243,14081,35833,15129,49243,14602,19635,55728,5377,16505,15411,11490,14149,6429,21243,15278,34258,8012,28660,82108,6041,38276,57953,14204,102722,30749,38185,29702,13433,63316,26368,24611,24168,32468,7217,16475,43245,131892,39546,69014,6159,12286,6219,6763,156866,98205,11641,23033,40423,18320,14209,67720,14300,19723,7771,10343,46309,34807,11944,14673,83211,23550,14928,29293,4801,66058,29379,18606,21799,13865,16274,15177,70514,22898,64124,14634,12449,71448,54362,6985,15652,23317,61738,13163,35921,37175,66584,48403,31469,82830,19752,16799,14316,27025,21875,12424,7145,160838,36519,137304,16251,32548,150840,9445,11436,5948,61733,157053,165775,62374,55208,14296,25515,7533,13422,47315,21128,7147,10562,10181,18888,24697,20432,17592,24649,4802,5167,19213,29709,40764,12237,106907,49051,35797,21197,12776,85505,46295,33467,8172,54994,22871,3622,94197,36236,7820,27878,50872,12810,27652,11356,32356,7177,32015,7937,18851,6636,9047,5489,34202,6086,41628,9862,32128,7796,5981,45232,5342,6118,53328,23275,12611,19707,46892,22438,22519,28870,44238,16528,10781,17459,48342,6637,49082,12272,27022,11626,19481,44801,48794,46402,9279,32465,5337,16489,34983,133093,5939,16295,8964,56782,5794,13920,126277,122888,9010,22232,9138,38488,31222,35237,126392,19832,44109,20218,27103,24847,13184,144776,9671,5733,40239,13171,24089,12973,32690,52929,14109,34919,121142,63825,8817,5501,76988,9465,16512,23502,7986,18001,76220,22179,5578,52040,14421,7552,69049,22520,140879,5971,7737,23853,22885,11537,136585,51512,27757,12888,5762,10403,8748,104991,10105,8070,6598,9289,11266,20339,63500,15054,17887,9737,5847,6579,17350,16156,15578,18366,54677,16255,17847,32515,29024,6902,6291,47566,19905,90979,134176,26983,53126,7436,18034,16560,11283,90815,3555,20,61193,14702,5851,5731,5168,7276,26223,10357,70943,23960,5153,29251,62924,34933,6379,4352,23072,5517,1722,111797,20,11980,31892,33534,18457,93222,36188,16652,43983,14263,6488,75673,90199,24378,40021,30685,4691,43379,8688,23402,47416,14425,5511,11430,8086,48809,18627,7975,7645,21280,68573,43137,6085,19183,19693,33371,33513,110779,11189,13131,18566,55597,18571,37659,50206,49154,25254,7849,40099,15039,72659,5545,66578,6352,11664,9358,51507,8647,22072,20500,13030,31768,9516,24421,8761,16577,4878,6833,11332,7013,24144,7202,49608,6261,24408,24391,30222,19996,13703,13337,11160,37553,15968,14260,9725,12428,27458,8,35869,17050,11113,15536,4789,8369,143925,85327,9159,51743,8603,18852,33804,39522,6570,8764,29894,11653,9149,110555,6353,45996,70229,10797,13510,9996,5180,45317,54318
17_PPM1D,2040,8460,3036,420,2362,2738,1816,365,8693,4583,1821,5327,579,2193,2041,14154,7888,10851,1174,646,10965,4208,1452,1848,1995,4151,315,3378,1087,381,381,785,1896,1068,4227,3096,7942,542,854,1869,5518,3598,1170,999,4636,3104,2085,4168,1005,7634,2460,2958,517,597,4644,2772,2305,409,4139,977,1220,1255,4115,9530,2308,706,720,1941,1821,914,1512,1934,1500,4554,1112,5169,1788,4453,2035,2308,5286,2834,1443,1435,572,819,989,1679,2163,3719,4373,2381,6702,728,3504,6901,1533,10728,994,4747,2612,1477,4515,2761,2103,3171,4234,240,1347,6932,10814,1869,5229,1315,670,490,696,11057,7494,1856,1987,2110,1495,1848,5974,1506,1940,320,1202,3502,2876,652,825,8199,3800,2690,3634,772,7346,3290,1968,1356,1576,1673,1504,6451,2237,5196,2099,574,6368,6013,568,1258,2946,4100,691,1292,4245,6112,5397,4855,8424,1647,1363,1518,1998,3008,1327,645,9977,2609,11117,1033,3514,10322,1965,784,603,3572,10997,9696,7675,5415,2052,1883,551,1096,3201,2439,497,1049,1769,2015,2290,2092,1939,1968,436,803,1737,2496,2103,1437,10622,6691,5198,2734,843,9966,4252,3769,1316,4924,2388,623,10539,3400,2067,3608,5336,1035,4005,1066,2235,994,2292,744,1870,1133,502,547,3655,615,2401,930,2554,960,1168,5314,1308,1075,7153,1795,1802,1445,3668,2967,4,4279,4982,1544,922,3316,6787,563,4264,864,1590,761,1766,3644,5026,4572,781,3052,291,1981,2847,10987,1024,1387,229,2735,554,2225,10220,10802,1058,1855,1026,3201,3847,2419,10011,1624,3131,2397,3178,3468,1110,11814,1299,695,3931,1561,3550,1693,1563,4184,1603,4445,9961,4035,615,362,7121,1050,1149,5097,764,2003,5304,1741,600,2332,1060,454,7303,3259,9910,378,838,2830,2107,757,10512,5445,4558,1310,900,517,807,7918,740,8,500,964,2136,1493,4894,2824,914,1000,705,529,1809,1498,1661,1959,5349,1955,2022,2477,3636,596,1101,3947,3153,11524,10420,1748,5756,541,2749,1564,1390,8768,236,2,6891,4535,1091,477,570,815,3027,1659,6519,2254,527,2418,5601,2995,711,0,1422,802,0,8102,2,1055,2381,2829,2144,8225,3009,1315,4678,1868,637,9944,8726,2897,1988,3122,1164,2265,1032,2109,2725,845,818,1195,916,5953,1377,741,711,2123,5650,6159,802,888,1930,5023,4268,10593,1592,1055,1705,5255,2628,3893,4700,4927,3188,546,4554,2239,3755,247,6264,693,1099,810,4107,756,1915,900,1046,4884,1114,2249,1348,1733,813,660,497,567,2830,811,4962,457,1766,1641,3138,3491,3398,1093,1047,5574,1711,1009,972,0,4470,2,6741,1938,1459,1741,607,1037,11543,7092,441,2899,867,1793,2450,3884,464,1097,2841,1997,901,8390,0,4152,5105,1984,1794,1108,479,2337,5452
17_SRSF2,0,199,12,0,122,88,0,75,96,4,72,92,106,0,0,1779,208,702,10,38,30,0,0,560,0,4,0,0,0,0,8,0,0,0,0,331,66,0,0,0,286,6,0,24,0,0,0,332,114,22,2,36,0,0,0,172,2,0,6,0,0,0,0,16,307,60,0,89,4,38,0,0,0,20,40,2,0,26,0,0,4,0,0,0,0,0,30,51,0,0,0,0,82,0,434,168,0,34,0,0,8,0,0,0,23,0,40,0,61,0,434,861,153,0,0,2,0,799,244,241,0,2,14,26,0,80,12,6,2,0,0,16,22,12,50,14,0,0,233,0,0,10,0,0,0,112,0,450,0,36,0,180,42,46,0,0,0,0,0,0,567,0,207,8,32,0,0,0,0,6,997,1050,576,0,48,215,44,0,0,6,208,568,262,142,62,0,0,0,0,0,0,0,2,0,54,0,0,22,0,0,0,0,2,14,109,20,0,0,0,144,30,168,0,0,237,10,172,197,0,280,0,0,0,54,6,0,0,0,8,0,0,0,266,0,50,46,158,48,6,0,62,0,24,0,6,24,48,0,0,0,36,0,0,0,321,22,0,0,0,6,0,8,543,0,0,169,0,0,0,846,0,50,8,68,0,0,1038,352,175,58,2,0,0,0,16,237,0,267,28,2,76,727,0,0,4,122,0,0,0,0,0,32,43,94,0,0,1410,26,0,0,41,0,0,0,0,2,2,0,0,0,48,108,38,0,0,0,1088,158,345,0,0,0,0,157,0,4,4,0,0,36,0,56,38,10,0,0,0,160,10,8,0,0,154,0,0,8,0,64,90,218,68,0,4,0,0,12,4,16,0,0,0,89,0,28,0,20,0,12,290,0,0,0,0,0,36,0,0,78,0,474,0,0,0,82,56,6,2,14,6,2,0,1170,200,2,0,0,2,0,0,0,60,0,0,16,44,400,26,8,20,66,2,22,0,4,0,0,0,311,0,2,28,6,66,270,6,520,2,0,682,0,0,0,28,34,0,0,0,0,42,0,0,0,0,0,28,32,0,24,0,0,0,2,50,2,104,0,0,0,166,0,0,694,10,0,16,0,48,0,250,0,156,0,0,0,1569,50,126,0,0,0,26,0,0,0,0,0,0,200,0,0,606,2,0,0,0,88,0
18_SETBP1,2990,15775,6639,1003,3349,4999,5411,851,21780,7349,5188,10473,4636,3742,7591,30926,16893,37336,3011,2671,14912,6041,2243,2448,3173,4758,1830,2110,1582,1390,1717,6,2656,1742,8143,6354,16153,909,2711,7196,9451,5246,2134,4114,6767,4629,3119,8474,1464,10272,5058,4205,928,810,6734,4308,4928,2168,6507,1059,2403,7136,3265,20053,5921,1070,2983,2448,4231,1418,2769,1899,2149,9998,1499,8126,741,12021,3882,3456,8391,0,2598,708,1530,2195,995,3623,3636,6578,0,5072,12375,1254,4402,10977,2573,22236,2109,6753,3654,2727,10005,15423,4477,3249,6936,1833,2806,8382,29982,7388,8302,1720,2381,1174,2084,30658,16850,2479,3341,13956,1853,3080,10827,3194,3412,808,2790,9156,6142,2174,3289,12176,2953,2861,3173,1175,14321,5827,4835,2204,2358,2754,1884,12168,1996,11881,2890,1324,10663,9228,1287,1979,5165,11995,2846,7385,6812,8693,7693,5460,15468,2375,3891,2330,3484,3947,2218,1012,29791,6550,30747,3086,6089,26478,2329,2214,787,9369,32779,35731,12768,9240,1782,3510,1299,2585,7494,2327,873,1041,2183,4284,5503,1260,3023,4525,768,2892,4307,5860,9592,3391,19717,8602,9554,1750,2682,14170,6484,9126,2016,8517,2086,1649,17894,3112,3344,4841,11392,2711,4462,1682,8228,1179,1877,1819,3450,2194,1591,1356,5992,1079,6368,1606,5513,1496,735,2,1274,1018,8336,3626,1054,3910,8753,2,5050,5915,6992,4194,1415,3859,13604,931,7400,1584,3647,1675,4180,12033,10250,9428,1648,3338,1795,2650,3733,23818,1792,2867,470,5259,1356,1543,26600,26790,2318,3838,2620,4999,3121,4440,23422,1150,12599,3433,5122,3576,1999,21534,2275,1650,8510,2947,3957,2842,4343,8520,2326,15853,23322,7934,776,1290,18024,1512,2528,3246,1658,3758,11400,6170,1119,5981,2137,1261,11409,2766,25223,1618,938,0,6452,3946,18480,12438,5928,2196,1041,1481,1380,21789,2713,2862,1165,1186,2535,2338,13006,2915,1932,1520,723,312,3871,3053,3042,3657,10817,2051,2674,5451,4908,1309,2400,8802,3222,13506,20389,4134,11958,1629,2405,2680,3404,24912,978,3467,11628,7785,1909,954,940,1655,2955,4932,13952,7316,1490,5266,14182,8882,1095,0,4546,1152,4511,23660,6634,1336,6480,4036,3739,17822,8792,2729,10250,2249,1088,15024,19270,3823,6884,6300,1799,5878,1298,4668,4243,1590,1580,2588,3387,4403,4609,1251,1367,4359,8890,11588,940,5343,2582,7886,7330,20757,4507,2663,3858,7845,3615,3450,7620,9477,6167,1750,9260,4962,15687,1857,10136,855,1449,1525,10916,1475,3917,2670,2484,7585,980,2734,2558,3759,1329,1619,1553,1209,3538,1138,7532,981,4163,3125,4299,4323,5027,2384,2125,9659,3534,1490,1569,2,5807,6,7171,4102,5498,3412,2093,1702,27831,17114,1093,7851,608,2034,4930,6038,830,1704,6337,2364,1943,12697,1254,6343,8359,8556,2691,1107,1584,5744,10024
19_CALR,80,169,294,20,378,48,0,16,208,394,0,496,36,38,72,1225,493,1029,119,334,922,487,122,331,80,281,54,262,72,90,54,0,198,77,89,150,180,36,212,203,403,71,92,62,626,46,80,464,58,369,424,86,12,64,166,110,222,30,563,15,56,14,285,323,2,144,52,105,180,48,58,112,49,304,128,124,30,502,14,182,709,90,18,14,6,66,161,129,114,196,345,136,358,22,57,178,58,1136,52,554,160,92,400,363,80,107,285,52,321,125,606,310,614,152,14,21,28,1079,461,58,32,578,52,166,292,84,32,43,88,761,56,46,217,656,270,34,31,210,376,92,110,16,170,65,25,303,5,305,152,100,282,154,103,112,31,86,120,192,408,478,87,657,931,48,59,2,62,32,140,4,1086,217,905,16,146,1623,26,93,20,521,1100,1297,438,182,129,130,114,182,86,109,34,32,42,164,68,12,281,76,53,65,234,68,104,254,366,54,227,72,239,488,258,569,2,44,149,86,381,352,124,182,282,211,316,46,98,32,340,6,2,22,28,26,168,10,476,56,58,78,6,0,48,0,371,0,59,96,126,0,54,217,48,8,4,189,209,28,195,46,18,54,284,126,13,260,54,94,16,18,125,851,45,52,0,330,8,38,892,611,22,316,99,431,285,484,580,26,279,6,194,139,6,656,16,8,329,46,326,14,151,130,95,623,723,256,18,54,184,23,46,93,89,28,256,112,68,88,26,2,162,8,1689,30,70,19,349,106,645,294,606,28,8,74,16,481,338,0,4,18,70,44,443,217,269,79,18,47,292,198,354,78,364,84,40,162,370,81,193,108,189,491,146,162,252,76,50,80,254,424,202,0,214,54,276,48,30,20,79,38,288,2,86,553,626,24,34,82,32,2,296,1145,561,100,259,156,137,328,156,52,94,156,44,761,318,28,89,110,8,0,64,35,113,18,52,165,78,156,176,4,69,62,41,103,14,32,100,75,104,445,209,4,155,295,24,41,551,297,327,40,179,191,1102,90,586,0,262,174,125,56,90,0,21,369,56,207,22,43,36,26,18,2,40,26,467,32,158,22,8,106,0,24,23,268,185,47,12,324,192,55,10,23,14,88,147,22,1061,435,12,26,12,44,12,16,4,2,50,46,62,646,88,237,285,0,240,56,2,48,103
20_ASXL1,5022,24667,9814,1763,7068,7888,3750,614,28298,7477,4989,15057,4431,5910,4443,33618,25117,35111,5090,3621,28375,9521,2959,4014,5894,9772,3629,7718,2411,1967,1561,11402,2793,2647,12774,5524,17870,1781,4000,9154,16942,10621,3155,6135,10004,7217,4423,11263,2328,21287,6777,7289,1598,1686,22187,8425,11873,3231,11117,1425,3682,5751,10193,26513,7904,2155,3557,4194,4498,1837,3859,2652,5762,13997,3390,10171,2182,15239,2580,5012,14951,3224,3628,5164,3706,3533,1768,5157,5328,8632,8089,7320,23499,1980,5226,12940,2608,31376,5702,11384,6854,4209,11303,19396,6081,4874,9161,1553,4591,14369,36889,8197,20954,1459,1660,1250,2056,35241,23434,4309,6148,17430,5302,3712,16832,4728,5143,1458,3681,14301,7873,6970,3094,26845,4639,7148,7200,1761,20973,8225,3359,5764,2966,5015,3755,15337,3859,18415,5089,3127,20270,13269,1889,4881,5889,19284,5716,13102,11859,17745,8409,17135,17989,4462,2497,3716,2528,6306,3434,1709,36358,9721,37882,3338,9349,36984,4066,2395,1294,16678,33326,34223,17754,16735,4860,4629,1087,3791,7776,7185,1695,2926,3200,6128,6931,6130,9414,7140,2517,3095,5381,9215,13941,5016,29767,14083,13275,5958,4863,27409,10525,10470,3063,20238,5879,2072,31209,7608,3704,5972,20647,8444,5481,2543,22771,1519,5375,2377,7267,2040,2215,2023,7383,1288,8825,2623,5476,2060,2097,2169,2472,2250,12164,5542,2285,4573,9592,2,5379,5690,10741,2502,1764,6713,18256,1676,13564,1940,7114,2520,4327,14218,14413,9913,3962,8204,1613,3541,8803,35144,3378,4209,690,13621,1712,2761,31591,31348,2262,6521,2797,4529,4768,5158,30254,3631,4816,4677,4893,7871,4411,27967,3033,2718,4933,4698,4792,3621,6713,15636,4828,21489,31286,9985,1579,1579,31280,1980,4871,4541,1760,4571,13212,7692,1687,11767,3689,2213,21478,5256,37222,1615,1777,8510,8930,4080,28687,10677,5869,1809,1508,2438,1676,26695,3131,14,1577,3005,1685,3819,12809,4184,3414,2354,1345,1847,4644,3071,4749,4052,12262,2349,4401,9965,10110,2003,3207,10686,5558,20456,27779,7033,14536,1823,5171,3831,7642,26349,1057,2825,15322,7593,2980,1469,1769,2372,10947,4297,20333,3963,471,7061,16614,5212,1591,2877,4747,975,8518,23608,0,2282,9597,5616,5600,20999,13093,3058,12028,3340,1611,27997,16323,5708,8982,13301,3533,6089,2117,5354,12028,3091,1667,3812,3031,18630,5556,2450,1524,5042,20193,15349,1392,5259,5003,11969,10068,31266,6877,4845,4877,11697,5630,6955,15698,12878,9532,2159,12202,7918,15412,1011,16440,797,3155,2438,13963,2170,5901,4555,191,11415,2346,6410,3831,6506,2725,1637,1312,2668,8044,2693,16090,1810,6967,206,7711,4073,636,3283,3356,5333,4784,2911,1278,6,7867,2468,15286,4341,4233,5185,3159,2217,38697,19023,2466,6237,1817,3976,7112,10032,1266,2768,9024,3651,2636,12347,1692,6401,15099,8,6564,2488,2432,7741,9682
21_RUNX1,4828,19493,5096,1075,4354,5685,8322,2289,23480,8795,2882,15835,1445,4181,2050,51565,10264,53904,651,3490,37908,4594,2525,2744,6161,10691,816,5884,1600,1900,1302,14217,3165,3678,6847,13586,23219,973,2677,10634,18830,6172,3645,8432,7077,7285,8388,15580,3265,16216,4394,8452,1407,1182,12469,5671,15142,2365,9177,1065,3956,5818,7049,22380,7824,1723,2274,4810,7355,847,6817,4714,4619,21134,2998,6189,3064,7913,1867,3650,12358,2076,4063,1772,2629,4410,1552,8463,6991,6263,3532,9073,24368,2769,9244,15790,4437,28905,12717,9740,8132,4176,14294,13895,6102,7893,9032,1951,4356,8858,33226,6184,13229,1616,2473,1780,1020,40766,22914,1751,7623,4457,4542,2311,19076,2198,2378,1581,2839,12881,6627,2488,3089,10299,7952,6499,3314,812,17057,5743,4305,7729,2543,4967,3937,22831,2227,17525,3926,3902,13949,10894,1652,3039,3217,15345,5188,7922,10954,15131,10159,11135,15457,4577,3146,1772,7283,9118,2875,1458,50039,6832,31800,1324,10753,50391,3812,4351,2083,13563,54297,50732,16703,13843,3456,4428,1661,2981,17152,4512,1375,2267,3207,4456,4842,3315,3113,6503,711,2700,4994,8155,11438,2761,22341,8221,11139,5427,3501,17327,14825,7499,2665,8450,6583,451,19968,6848,1945,7302,12699,5116,8233,3056,11955,1734,9178,2266,6075,580,1852,3416,10502,1284,7876,3033,9826,3183,2178,3237,3505,1478,14707,3314,3377,4668,14069,4,5578,4805,10610,2749,2758,2094,8552,1529,11284,1522,2625,4422,1365,13305,20278,13317,1397,4138,1653,4635,7900,35551,1123,4893,2586,16222,1545,4833,29234,32588,2628,3204,2380,6110,6370,6396,31474,3507,5844,9625,4351,9438,6073,41244,2013,738,6797,2927,4004,1693,8860,9295,2342,3285,30244,15396,2256,1337,21603,2907,4768,6764,1965,4607,15191,6185,770,9816,3907,1274,20226,7076,46973,1239,2171,7501,5321,4922,39848,14420,4307,2517,894,3290,1236,36529,1087,5955,981,1914,1632,4689,26104,7604,3790,4041,512,1897,5326,3827,2254,3768,17940,4370,4500,6499,10441,1688,1639,6742,3525,22613,43522,7844,10013,1972,3744,3924,3209,35737,1679,6,19894,6893,1069,1475,1705,1671,6777,1657,13612,4886,1195,8206,12499,7407,1964,1756,2595,1068,13688,42985,1587,2544,5656,6579,3489,27608,7843,4501,6869,4951,1591,19176,13415,13112,10698,5663,3042,12056,1761,3622,14831,2728,2169,2892,3556,12621,2936,1404,2585,6061,18491,11320,1944,4853,2819,11282,13452,34957,3385,5320,2842,13224,8336,7789,13200,17960,7098,1678,8250,2545,17025,1203,19005,2141,2749,2753,14879,1932,6469,6906,1949,13136,1957,4787,3669,6174,628,1999,2047,3076,6693,1874,14082,1325,6212,4698,5693,6669,3604,2433,2627,7782,3996,3764,3196,1246,9698,3298,14102,6541,4134,3793,492,934,47924,27134,2222,16004,2034,1672,7354,8366,1170,2301,6527,3890,1812,22576,2500,9220,19103,889,5163,1448,1639,10929,11423
21_U2AF1,1000,7011,2005,336,2533,2348,4815,876,12920,2026,5569,5618,727,2973,1934,19017,4644,17640,345,342,9100,4501,364,581,2588,4499,897,3508,1532,1011,617,4217,1562,1469,2754,2407,6039,353,1000,3744,7158,2409,682,1983,2285,4904,2210,6831,1322,5411,1937,3063,288,328,7149,2100,4746,835,546,156,405,2828,981,8509,2450,404,736,1546,1967,893,783,642,2183,6801,1229,2054,1208,4041,1638,2834,4393,3764,1402,2297,974,1170,931,1974,2883,2911,3360,2665,9522,530,915,5096,1049,13756,1521,3146,3537,2113,7144,2821,1298,4226,2865,556,370,3608,16026,1478,8655,1154,1020,530,197,9244,7642,278,3345,3328,2350,773,5872,641,1411,779,1018,4268,4396,1661,939,2259,831,977,3597,291,6377,1988,940,984,668,1651,2282,8105,701,6871,765,730,8069,6334,554,497,1557,4881,1284,8189,2505,4672,5857,4036,7362,2388,2007,621,3352,2821,1126,1051,17131,1128,12992,802,4294,18405,1558,1627,359,2473,19511,17269,2122,5409,1896,2889,437,692,7864,2891,199,663,662,1515,2337,1685,723,2142,188,354,1536,1404,8423,1457,9682,4362,2497,1152,352,10319,5400,3332,684,2302,2011,142,7982,1438,1388,1647,6198,1019,867,1228,5028,1901,2457,212,2245,342,633,254,1962,237,1528,1089,4408,853,210,2728,668,632,4174,1068,561,1833,4148,0,3643,778,2723,2167,1282,14,2275,813,2532,755,2091,940,651,4407,40,9563,57,1375,130,471,4877,14448,582,1291,792,6851,705,1195,10963,12046,972,2101,966,2637,276,1096,10908,1342,6519,2225,1727,2141,2307,12516,541,272,1670,1368,2094,998,2372,3652,997,1311,8364,5715,556,338,3452,1157,607,712,708,2509,4460,2823,426,4659,2164,568,4386,1025,17553,803,528,2111,3250,939,13355,3657,2459,1044,484,712,1293,9323,372,10,192,573,1034,1824,6535,1922,1585,1768,589,418,2870,2460,680,1323,4979,401,1921,768,994,793,639,5439,2309,8741,9415,2354,6808,1439,3953,1400,881,12727,1370,0,8852,3611,435,666,620,476,2171,468,7768,3008,321,3897,4091,5872,507,714,1810,666,4553,12797,0,1349,3057,4236,1631,9510,860,429,3084,3036,831,7424,3181,2699,3351,1035,1353,2772,215,1618,4542,609,1131,767,1850,6075,1090,680,1160,1785,13534,6825,549,692,1987,3329,4912,11980,1442,1220,2098,5327,2751,672,2776,7773,3303,630,2250,1697,7428,301,6496,154,494,518,6831,435,2414,2078,1165,4554,98,1752,1798,1636,424,760,926,672,2409,1003,5356,408,2037,1409,1056,1976,4062,192,777,62,1922,2472,500,3830,3620,482,5219,2840,1314,1447,159,479,18220,10564,1112,5077,508,945,2093,3796,64,1098,3502,1008,1178,10903,1002,5350,5713,1750,2269,1341,230,5233,914
X_ZRSR2,3175,15759,6039,1572,3588,3565,3721,607,28081,12047,2,8327,2983,4205,5662,42977,20919,42574,3391,1707,20072,7305,3179,2467,98,8712,3480,5397,1038,1637,2437,12014,64,2223,2760,8581,18145,1459,1969,5002,10685,5666,1839,4784,8426,4141,3358,9572,2363,10615,3885,6767,1089,1310,9912,4506,5941,72,5601,55,2969,5120,5526,17922,3518,1087,974,3353,3603,1118,3867,3531,4145,11219,2910,9829,3744,10079,1865,3786,17207,14105,760,4,1682,1899,1645,3847,4341,5993,13362,5697,13720,458,6749,11786,1466,21532,5161,7307,5192,1767,11500,13381,5496,1167,6092,1102,2776,9462,33221,11306,15676,2671,2514,606,1385,29256,17743,2647,4527,15182,2536,2713,10792,2756,4770,1998,2353,10741,5964,942,2108,10992,5387,4030,6924,2635,13552,4466,4513,2987,2021,3806,4679,17696,3092,11190,5611,3113,11101,9564,1244,2616,6577,12095,1904,8075,11154,15491,5859,8623,18566,5550,3072,2125,2731,2886,1729,1729,37349,3821,28215,2580,5954,38067,1562,2863,1570,10220,37176,42159,22129,10997,1886,4888,1445,2291,11562,5316,657,2005,1668,4955,5144,3383,3526,5206,912,1052,6507,5261,11096,2635,20259,13753,11021,2865,2745,18686,10023,9436,1744,12161,3610,2529,20802,10989,1671,8713,5202,2,6910,1986,6025,325,4969,370,5123,1524,1822,1216,7970,169,7949,1667,6858,996,1484,5812,1101,2284,10214,3061,3431,2841,7902,14335,2,11491,8845,2670,2020,5459,17901,1021,7794,1299,6844,2761,5574,7841,13398,7158,1767,5183,128,5674,8104,30810,1197,3005,2,5544,1122,4629,24327,28173,2355,4189,1319,6190,2,1063,29501,2264,8628,7685,5632,6052,1626,28379,2704,1247,12417,203,3326,3018,7339,11153,1639,15253,22881,8723,1512,1491,20260,1731,2221,5502,1316,4764,25708,7433,1374,7475,2075,1159,12250,4805,33069,997,1663,0,4387,2810,32170,9837,7617,1039,2468,1167,1394,28953,3410,7336,1301,1593,3340,3632,10304,6249,2979,2328,1243,1658,4692,3207,2326,3300,6771,2826,1778,3502,4931,878,908,8873,3681,16620,33378,6110,10544,178,7817,2522,3782,21468,1679,6542,9289,6532,1388,749,1709,1724,68,4882,16909,13337,1285,9512,13062,5828,1190,0,3505,763,2,21824,10152,1813,7940,12051,4912,10611,10210,3500,13201,2914,796,19036,14604,4403,5963,5039,2801,6116,1489,6402,7239,2766,1569,3432,2567,8948,2660,1263,1599,3355,18198,10048,1096,4217,3038,5543,10047,29289,4758,2790,5189,7958,4441,8928,12721,10481,7161,1873,8993,3808,12215,1235,12811,1283,2980,376,9626,1216,4340,4641,2487,5269,1077,3271,1648,3315,896,1628,1790,1925,6682,1364,13575,1162,4755,2146,7242,2447,6710,1492,2518,9450,3926,3268,1586,4868,6690,3002,10562,3979,3394,2629,2213,2501,31512,12879,1598,9857,2044,4105,7459,8490,1121,1672,5758,1774,2331,19731,159,4768,14251,9795,1564,1462,2239,9531,6601
X_BCOR,6829,18082,12591,1830,10789,8376,5701,2896,40581,13635,0,21328,3737,7571,8612,63580,33355,92973,3678,3049,54473,19011,5103,7657,6977,15186,4480,9271,1784,97,1943,20873,5546,1484,11015,18876,21346,1461,5414,10135,17795,8477,2420,8756,14630,13800,8888,15281,2554,22444,6832,9395,1916,921,14547,3510,14608,2831,13668,1786,3948,15395,13931,39221,5879,3455,4126,5775,2640,3119,5151,5390,7096,10570,3193,14448,4314,18245,4324,8962,22344,2239,5607,4505,3841,4071,3183,5723,7411,9578,8846,12983,27428,1675,5016,12574,1358,40249,3701,14546,7484,5196,19551,7771,7798,1154,12079,1389,5258,16903,42397,11076,28544,3844,4193,1812,2,55509,24570,3196,7475,40142,6775,5285,25350,5540,6753,2026,3081,17547,8943,2631,2924,25013,6560,5439,9503,2088,25096,6475,7019,1706,4917,6063,4970,26971,7763,16081,3921,2425,3605,17352,2126,5004,7742,20415,7060,18035,12233,22073,27106,16261,25291,5807,2982,4443,9043,9857,3765,1748,66277,9504,60223,5842,11614,62720,4148,5061,3422,19673,73017,94077,12459,20231,5354,4272,2331,3837,13966,6884,2910,3822,2488,5559,8823,8547,5298,8800,1594,5687,8208,16970,17309,6051,33931,16719,11445,3007,3862,33158,10324,10161,3694,19014,3040,1980,38385,7313,2481,12548,10308,2,8627,3390,15985,2842,9466,921,5481,3086,2753,4389,11767,2385,9345,3144,12855,2435,1592,16889,3051,2297,19088,5981,3257,5407,13535,14732,4,7343,16167,5227,3271,1565,9553,2705,15089,3386,9089,3987,9267,18575,20143,15217,3477,7752,2737,7092,12142,58906,1911,6246,3616,9890,311,8649,29912,40182,3093,7934,2664,9846,4,7357,36981,5641,18078,9402,10727,7422,4935,48213,3323,2509,17089,6120,10031,4742,8931,20530,148,18741,46168,14948,3256,1966,29492,3879,6876,7220,1607,6583,31659,5756,1788,9229,4610,2448,27974,5098,45004,2312,2188,5761,10165,4467,49556,14647,13368,3285,2046,3077,560,44183,4002,20848,3114,5193,5353,3780,22126,9667,1780,3116,1649,1707,8801,6127,4600,8827,14122,4514,4481,10597,12084,862,2205,14388,7472,26728,53724,9560,18428,2529,8061,4609,3488,38816,800,5020,15860,10730,3063,339,1555,1702,11753,7782,28790,12939,2676,11568,20742,15102,2112,2859,7322,1354,8,30656,10822,2376,15985,9533,7077,15114,16435,7232,16081,5964,2324,23045,41631,16008,8864,17535,4706,17549,2839,8422,18071,4721,2655,4319,3134,16685,5091,3388,3880,6778,24984,19673,1796,4314,7833,8071,1857,40223,6790,5299,8534,18183,7676,11618,20734,15248,11413,3674,16214,7195,25563,1468,23239,3016,4306,2941,10056,2620,5814,8342,3571,3,2790,7034,642,7401,1950,1647,3017,0,12752,2358,16552,1875,8021,5479,9499,6744,8985,2494,4342,14765,6024,3064,2520,5940,10393,4286,20696,7158,8863,5376,2506,2862,51100,29042,2120,11852,2791,7751,9864,11453,612,265,8575,4319,3224,12072,8,5898,15620,16723,5086,1696,1437,11717,7815
X_KDM6A,2854,15397,3891,1059,3387,3227,3880,1188,23592,4381,0,8100,1276,1308,4257,36971,13861,49872,1075,1730,23067,4738,1256,3083,2953,7758,1795,3525,1357,1147,1203,5784,2446,2184,6967,7529,11154,833,2305,6584,5753,5480,1636,3424,5418,4277,3439,7830,1900,9377,4234,5337,805,1225,6960,3674,15446,2161,7751,914,2331,5086,4975,21044,4893,1881,2217,2537,3283,909,2365,3879,2037,7205,2628,5002,2568,8153,36,1824,12972,0,2739,1955,1999,1799,1026,3579,4562,3940,4731,4670,9633,1288,5531,9094,2870,23126,3454,7107,4540,2309,9257,8034,6673,3721,6173,1114,1621,6900,35133,6000,11471,1783,2284,1152,1132,30903,11065,2284,3852,5649,1497,2683,12845,2102,2505,1614,1949,10264,4405,2186,2333,12178,3244,3444,3565,786,13785,4070,3122,2903,2220,2811,1816,11020,848,9764,2442,2494,18869,9980,1512,2020,2608,7592,1849,5486,9684,10689,12184,6172,16820,2327,3116,2154,4909,3117,1769,1475,35836,5224,31013,2881,5552,38628,2682,1000,1984,10570,35541,50285,10491,10482,3287,3406,1359,2275,6759,4276,670,2598,1201,3110,4548,4792,3488,4593,837,1346,4054,4275,7151,2660,19229,8976,8320,3060,3035,17530,9458,5839,1625,7011,4124,678,17031,6229,1513,4354,8417,0,5196,2268,6642,1131,6073,1424,4119,993,1391,2175,6809,622,5247,1671,5592,1507,1301,2792,2065,1359,7744,1422,2028,3268,8513,8443,2,1740,7383,2751,1504,2361,12579,1279,6899,2710,4018,3182,2024,9722,10158,4903,1497,2169,1023,4460,4416,34582,1409,2953,582,6057,694,2,25685,19085,1911,4494,1329,7289,0,6675,18778,2297,12042,4025,3676,4433,2006,20175,1818,1235,9013,1463,2507,1309,5014,5745,2025,5825,17102,9185,1498,779,26521,1087,2335,4007,1047,4908,21226,4307,859,7384,2110,1592,12668,3173,28525,518,1369,3139,4046,3864,26003,8200,3851,1689,978,2011,1962,21880,2390,2157,760,1211,2088,2575,14237,4576,3678,1881,1140,1305,4269,1726,2883,3038,8460,1654,4,6127,4192,620,2018,5833,4341,15099,24723,2122,11919,1259,3937,2843,2016,20598,1381,2290,10101,5518,1275,1266,571,1706,3267,2541,12450,8453,805,6123,10717,1111,1160,721,4106,594,0,22599,0,1091,3053,8375,3632,17177,5773,3616,6312,2968,842,12279,14755,3789,8872,5011,2712,5929,1574,3233,9810,2678,615,1803,3204,8890,2204,962,1738,3372,15827,8564,1180,4247,2836,3362,3184,23355,4608,1817,4387,5317,5444,5778,5102,9428,6594,1111,8485,2295,13659,977,10149,1098,2112,1303,5704,1570,3682,2556,1628,3062,1487,3268,692,2669,1055,1278,1567,0,2356,1338,9480,924,4417,1602,3259,5736,4238,2256,1837,10484,2776,1807,3117,6285,5259,2815,12094,4131,2480,3530,751,1020,37950,12066,1248,8072,1106,3584,4386,7017,1434,1396,3492,1624,1734,16798,2351,5080,15225,3329,3016,755,943,7257,7248
X_SMC1A,885,5854,2174,69,1047,1024,1260,815,7327,2632,2,3583,144,414,1710,13827,9486,15738,565,392,11840,638,738,1491,746,6057,138,859,2,302,668,2088,1513,352,3128,1736,1212,808,336,668,3113,972,600,2533,1766,2535,1767,2600,807,3236,1568,1879,204,630,1483,748,3636,608,2285,220,310,1932,444,4320,376,326,306,970,599,829,1394,997,905,4052,1297,2245,260,1811,0,1881,3523,1605,950,218,474,762,589,1527,1296,1597,2,2718,5564,70,1007,4398,877,6453,1614,1794,629,647,4675,2362,758,1131,2464,421,606,1522,10320,1504,8208,308,649,326,298,14728,2982,262,1217,3122,345,674,3334,1716,484,376,32,1603,1196,94,1029,3260,522,744,904,690,4883,2114,1372,308,164,1405,644,3263,1083,2782,814,1004,2286,2079,627,560,2314,2941,1247,1033,1589,2742,5027,2064,3606,1291,1190,655,1096,1115,699,593,10892,164,12636,874,1784,13459,276,441,451,3489,12992,15127,1044,4076,488,1425,679,630,966,1434,174,220,82,1166,1739,1435,2279,1904,329,246,1711,1828,1598,2522,5609,1146,1170,786,280,6462,3570,1181,577,1373,2208,262,8841,1160,505,1464,3402,2,1220,727,2067,350,1212,428,1056,588,136,879,695,348,1516,776,1432,466,1164,934,179,600,4272,1609,1326,1553,3063,1416,0,1939,2988,458,0,1577,2707,286,3053,430,744,572,1741,3124,1449,3055,262,1088,494,1648,1369,11476,521,1400,412,2273,500,0,3111,3136,312,776,801,1779,0,1031,12850,759,2748,1977,1446,3020,1196,8521,156,361,2329,1670,3412,859,2206,243,1709,1983,8664,3781,530,324,3417,326,294,362,1024,1285,7840,516,467,1979,1056,319,6502,164,7883,665,424,0,845,685,9749,3493,861,749,276,104,408,8890,724,0,394,664,433,780,4982,1623,1740,739,187,294,2865,666,394,2013,1026,560,0,1292,1187,50,429,3239,1596,6227,8278,1647,2409,315,849,1162,783,2649,166,1249,1740,839,597,408,106,581,2522,1197,3350,3301,144,719,1842,1784,539,657,1940,464,0,11013,1082,164,399,555,1444,5679,1457,1948,2748,671,676,3792,5324,1890,1383,1617,722,1437,821,1165,1285,783,529,594,34,1755,516,284,658,1039,5211,2487,524,206,1272,2889,928,8991,761,1281,2337,3939,2855,2458,1539,1101,3308,522,1319,1519,2765,597,3873,134,171,664,4077,594,2445,685,597,2319,479,1109,1105,449,309,334,1306,268,182,554,1931,286,1737,998,1460,701,2468,660,740,3404,1213,714,960,2510,688,710,3522,770,0,1060,292,546,14132,6806,587,820,816,1011,899,1714,222,698,857,589,220,1136,4,960,4288,1370,750,536,656,892,1266
X_STAG2,4943,12381,5950,1363,3285,5326,2947,2145,28864,8246,2,14197,2219,3884,4789,46695,17102,51455,1910,818,31570,8156,2726,5854,6707,7924,2752,5924,2032,625,1236,7834,573,2628,8763,8276,14242,1489,3765,8125,10132,5093,1165,5085,6556,5492,4298,6977,1827,16373,3672,4349,1018,1425,10773,5582,13974,2578,7583,946,3412,11279,6400,15497,2369,1139,1652,3471,3143,1575,4034,4069,3174,11768,3143,6080,3523,8436,1372,5067,18298,4754,2764,2544,2263,3143,1227,4291,3708,8643,1105,5743,19324,1029,9216,14498,3122,16455,7230,3609,4988,2012,9688,8052,1747,3688,7377,1320,3729,8662,32381,9262,18985,2568,2666,1326,1668,38970,17118,2506,4372,7956,3668,3539,14303,1,3668,1111,3616,11378,7414,1235,2359,11169,6705,2892,6882,1254,15327,5451,5262,6369,2101,3350,3281,17104,4675,9720,4393,1848,17516,11181,1169,1053,3785,14980,3508,4831,6783,12982,19692,4177,17609,5277,2684,2085,5080,3179,3360,1602,38604,9445,43973,3152,6612,34951,2185,2901,954,12834,57227,54132,8291,13319,3130,5044,1483,2188,11031,5865,1203,3377,2176,3063,5815,3628,4454,5841,1592,1465,5816,6201,11849,2470,20527,12491,11602,7738,1235,22563,10871,5634,1906,13716,3232,884,23683,6098,1994,5574,15738,4,5870,2581,3560,2219,7457,4084,5021,1936,1602,2523,5876,1449,6585,1788,9324,1902,1201,5863,1356,1683,12241,4884,3488,3406,11246,2,6,7446,11544,2123,1518,3173,18126,1690,8881,1993,7398,3468,4165,7045,17060,6269,711,4454,1683,6612,8748,43181,913,4118,1853,9449,1327,3538,32477,26722,1967,5642,2299,6440,2,5253,24292,2450,6527,6731,5154,6226,1619,30876,328,1585,8827,3896,6936,2097,5650,8767,2359,8520,31297,8889,1393,1027,23177,1698,4030,6446,1541,5185,9919,7676,1124,9031,3229,1265,13247,3763,33214,676,1745,5524,5195,3147,29859,10878,7294,2397,1292,2203,1885,23959,2385,1696,1336,3112,2089,2571,15929,3275,4339,2992,818,899,5975,3823,2573,4250,13045,1858,1498,9889,7798,1728,1288,6905,3787,21038,29796,5765,11528,1687,2935,3443,4594,25918,1122,3708,8830,7430,1639,1790,1432,1606,2170,3187,16922,16220,1533,9360,11790,12785,1686,898,4225,1421,0,18744,8313,1313,7790,7775,6253,10049,10903,5393,8013,2605,1674,18875,20592,8956,9974,7435,2181,9184,1494,3889,12250,3773,2159,3214,2891,11917,4847,1671,1687,3227,18135,10433,1165,3541,2793,4915,6399,21597,1780,2290,7534,11961,3425,6089,16116,8331,4508,1526,6799,4201,15861,421,13790,684,2693,1429,11097,1642,5299,4083,2680,10630,1278,5772,156,5832,1027,1511,2127,1309,5218,1423,7701,840,4764,2421,7624,5057,4810,2771,2765,8412,2464,2153,3140,4791,6179,1802,10184,3949,2545,4490,1303,1760,42371,16053,1711,12868,1238,4114,7543,8148,1342,2038,6220,1867,1654,21259,2069,5262,11703,6163,2368,1481,1172,9216,11990
X_PHF6,3388,15100,5128,979,4253,5435,3320,1337,29578,6937,2,13670,1109,4113,5638,33252,18712,46800,1668,412,30254,3139,2620,1778,6010,5776,2571,5125,2552,1362,1362,8599,4258,2719,9084,12451,5558,1701,4250,6376,8684,5417,925,4339,10517,6625,4377,17189,1713,13842,5659,7466,1036,1546,15929,5672,15494,2707,9381,929,3657,7906,5143,26047,4421,1719,2853,1952,4983,1206,4014,7383,6565,12301,3019,5912,3825,10290,5855,3843,13512,7650,2479,3769,2359,3281,2059,4675,2976,5529,1827,5065,20098,1448,7713,12880,4279,18709,8337,4628,5559,3293,12668,4787,4760,3473,8233,994,4655,14093,35285,11185,17765,1380,2037,1837,1398,42512,18883,3086,4895,9193,3929,3826,6843,2017,2483,1085,1002,10812,8468,1683,2871,13280,2409,3646,8205,1253,16734,3156,5501,2955,2041,3868,4097,17405,6402,11938,6069,1550,15298,12397,1366,3165,4528,12238,4374,9002,7987,6965,14734,9742,19322,5658,4717,5121,4883,5072,3354,1870,34744,6325,41909,3837,7776,40503,2205,1462,1138,15310,46858,53207,14537,14066,3890,4801,1806,3406,9150,3724,2368,2635,2323,4143,5344,6627,3191,4592,809,1827,5400,7710,7472,3385,21888,14272,8236,4368,1318,19115,7256,6321,2631,6881,5976,783,26681,5527,2079,6717,11450,2,2359,2213,6166,978,7068,1641,3716,1052,1980,2178,7532,1328,3353,2062,3871,2320,1534,6,2095,1420,15944,4507,3436,3363,13677,4509,2,4275,12185,2921,3743,6965,20293,1276,10451,1815,6904,3313,4581,8021,13244,7323,747,6824,1291,6575,8729,38071,713,5095,2653,10827,1196,876,30577,23430,1546,5228,762,7158,4,8507,25324,4132,8429,5601,5155,5638,2634,33108,2161,1370,14493,2639,6355,2586,6813,13123,3608,7790,28007,11668,1294,1074,23545,2005,698,5946,1678,4444,12861,6754,1333,9635,2789,1937,16119,3858,30880,1345,1848,6199,5067,1588,30771,11259,4723,1365,1496,1421,2288,22609,1703,6896,1824,4232,3203,2761,15918,10584,3280,1372,1157,1956,5798,4021,2141,4020,11836,2422,1217,6339,3050,1505,1352,10817,5196,21036,37914,6466,15589,698,4228,3216,3552,19735,540,1932,5087,6703,1848,1899,1556,1678,3975,4242,16594,10215,1334,5554,17985,3284,1796,1665,3899,1803,11,29630,0,2435,4006,4218,5241,13265,14981,5629,6947,4074,1320,16084,20347,9577,8778,6283,3775,11982,2194,3960,12061,2647,2118,2503,2065,8320,3441,1073,1543,6469,14554,9468,1307,3325,3423,4769,5536,28573,3232,3981,8032,13267,5853,10832,14507,12736,7187,1248,8769,12517,14106,1170,17610,1574,1901,1960,13444,2653,6366,3678,3855,11084,2099,4437,3833,5755,1130,1149,2099,1722,8216,1929,10603,1451,5565,4343,5622,5244,6387,2641,1534,9702,3591,3719,3330,1232,5855,3920,13562,4927,2085,4114,1162,2078,39224,16008,2292,10375,1565,5818,3964,12174,1685,501,5704,1866,2022,13291,1993,4547,13805,8584,2718,1835,1044,5883,11493
