1_NRAS,161,158,5581,2672,66,234,533,2678,2859,3395,1902,261,416,593,4534,743,1537,387,213,322,12137,3415,370,5270,422,306,434,3118,1219,808,2102,1579,376,2237,2373,394,3277,177,156,427,559,1222,563,305,2587,2206,2703,407,4117,592,2037,228,598,284,2195,113,3178,1413,332,4192,498,115,316,1198,281,345,292,416,2965,597,3153,2119,5877,51,3735,758,517,362,1832,2667,2564,2497,1565,306,146,2015,320,3332,4965,2582,990,5206,248,2522,3674,2304,212,1707,284,501,212,2962,1565,169,2600,335,1583,182,2007,2563,361,4859,285,330,3750,1889,725,923,874,546,2875,298,1297,2634,1423,2531,786,1501,182,274,419,401,501,9042,2780,0,3439,1803,3428,279,374,487,214,943,317,338,6428,273,2729,1960,431,1590,601,2959,226,2497,3107,321,3877,198,1492,2180,2442,241,1770,6976,314,534,3721,7405,6157,671,4010,3883,2034,1748,577,3777,601,1589,1372,3262,326,2241,1807,395,158,98,356,2970,4533,396,254,521,204,763,4286,3621,368,203,2455,352,2184,184,232,2478,2926,145,1876,676,234,5464,754,6367,3922,250,1860,200,2403,2237,3338,619,219,303,449,346,2556,2727,440,3793,141,1709,1824,365,2557,552,307,1312,68,609,1828,1022,4514,167,1871,2165,226,2606,1824,2173,3219,3384,2566,1531,2820,343,328,416,122,77,252,592,3102,3688,1075,751,296,3066,1104,277,1147,352,513,332,301,3254,682,894,4195,4135,2803,1370,2791,224,2665,463,323,242,334,1991,223,167,1484,367,3846,320,4226,391,4063,881,1759,187,1283,3783,370,430,2317,2689,373,2517,4194,378,4343,221,574,4338,298,563,3422,356,275,3436,1991,254,564,616,1744,1468,1985,3265,149,292,234,349,281,2505,4812,112,2825,1957,969,224,3574,319,1894,251,629,2550,2320,308,6789,607,2690,4033,2073,1818,279,232,144,1828,591,2874,5008,95,1666,1238,234,2309,3649,3658,260,1087,756,2998,368,5192,1132,3193,1469,3376,1681,1762,2728,261,713,293,4593,2651,887,2938,184,470,3007,289,3283,3604,1038,218,5559,2810,2385,0,2096,3303,364,2753,409,1957,3554,1329,2391,280,329,2851,482,526,223,4083,2374,5217,2760,285,2899,3229,542,298,1787,147,1057,2216,3583,124,3471,1567,150,2481,279,3811,1435,612,3164,85,196,430,3113,393,3328,283,1295,336,176,3871,305,526,153,231,146,2997,2277,4085,1854,382,2724,3875,2890,7464,288,1041,2187,1870,2045,2764,138,238,1206,8737,2170,307,4357,583,359,810,3931,557,3296,1976,384,215,2812,2750,1994,971,917,1066,355,515,633,262,4823,718,2346,1845,165,2607,279,3432,1263,317,2826,2549,346,10589,6487,2847,2046,391,1438,3464,395,475,209,1763,2126,362,486,443,582,1294,3064,4196,674,2814,623,6538,367,1059,376,739,310,440,372,383,388,1910,3193,2127,339,4091,206,134,2127,387,372,191,2999,1355,3337,5447,3021,4520,2087,6420,2379,3475,3532,358,7211,3742,1909,490,7897,206,3152,5475,5967,270,3840,560,714,61,699,2694,415,4078,261,4183,3187,2946,471,992,3421,285,5480,337,415,1152,0,169,3095,4833,2221,2296,5105,2896,2528,359,3922,2655,598,387,4718,1888,1766,2257,2571,914,433,732,244,3698,324,170,2188,348,3460,2016,352,478,487,361,9482,524,2901,481,413,4060,5137,240,1201,396,198,1786,4054,3214,1443,409,618,2724,3414,1132,2221,700,390,233,3314,2056,178,2470,280,4578,364,365,3012,183,281,441,381,4339,156,99,1467,2547,2197,850,3000,445,342,421,1989,1973,263,1082,214,2928,116,2572,396,321,3102,2626,197,610,4294,3845,2066,1790,2588,3980,461,462,2332,2368,10341,2418,366,217,848,1384,538,223,322,2520,2142,1679,5208,109,2597,2733,1528,2823,197,2096
2_DNMT3A,44,36,2051,1015,18,22,137,1254,777,869,508,47,182,292,1320,191,477,175,63,56,5719,779,153,1975,192,112,146,478,312,313,882,618,118,1341,594,147,1183,89,86,44,259,819,295,67,827,677,1200,107,1513,36,563,32,143,134,935,248,539,514,48,1222,91,17,127,939,89,89,116,463,278,257,709,445,3083,6,1620,607,172,124,422,590,960,1019,138,178,23,909,151,1051,1997,921,299,1448,64,1153,1768,275,60,524,108,193,96,1387,687,51,820,113,514,43,924,933,155,1729,56,131,891,195,283,259,246,466,357,65,91,1023,135,559,290,336,47,96,212,232,148,2272,1184,0,1313,743,2170,157,87,141,18,204,137,149,2688,155,1383,682,89,540,161,805,120,1495,1322,18,1450,56,0,94,597,198,510,2400,123,145,1703,2749,2231,199,1644,1474,934,558,174,1566,65,566,944,1160,206,801,546,164,40,85,69,1114,1338,164,111,203,74,126,1984,1554,76,102,759,42,694,64,59,724,1143,52,1238,87,102,2269,146,3334,1369,139,1006,42,765,762,1417,229,27,138,22,93,809,499,85,1444,94,235,72,116,889,19,80,483,10,97,696,571,1321,18,800,952,104,1182,1274,752,1634,1332,562,621,1150,186,41,155,33,27,100,58,1063,1322,188,96,86,1179,215,78,499,166,226,28,82,1101,341,322,1704,1315,1242,748,517,6,511,65,180,39,164,582,77,42,652,179,1451,158,1006,234,2066,348,916,99,494,1312,923,110,945,1051,92,880,1244,198,2374,103,173,1388,44,196,1467,83,82,1185,828,36,174,209,1100,699,864,1049,34,20,47,79,157,818,933,61,722,1227,89,104,1394,83,676,12,224,1196,1002,138,2394,68,1750,1504,302,924,110,116,20,725,149,1412,2255,45,1096,89,415,759,1462,968,74,0,88,1105,92,2269,584,1576,254,1500,645,848,1029,136,29,100,2891,1006,107,868,89,166,497,145,1136,1246,356,63,1812,1649,1374,1118,635,1510,150,1177,213,747,1167,94,832,128,144,1142,210,148,8,769,789,2653,1287,180,425,1149,250,122,752,65,359,205,1681,16,1533,380,37,969,93,1444,634,345,1370,124,54,198,1223,163,846,145,669,117,117,1719,134,195,26,100,41,1003,930,1780,639,140,1587,726,1190,2510,105,20,617,506,952,1092,56,69,427,2435,941,107,1433,204,188,282,1137,110,1196,194,97,40,471,803,875,70,146,714,101,155,86,101,1766,94,647,491,27,1489,267,629,606,117,1201,807,213,3549,2460,1109,1076,134,455,1191,138,91,42,743,743,172,29,89,137,825,1392,1546,71,1325,167,2155,151,156,139,131,130,131,111,106,155,640,1218,814,178,1295,89,42,684,81,70,49,1057,428,1383,2347,1087,1878,882,2462,1447,1174,936,123,2828,1228,375,207,3255,45,1159,1398,2066,134,1809,159,261,113,400,1021,121,1870,116,1681,1371,835,103,95,1192,18,1017,59,129,312,356,59,721,1546,375,814,2490,936,1206,121,859,1188,177,194,1567,358,344,1675,1646,90,75,292,69,1372,162,41,847,55,890,625,131,92,179,141,3932,276,896,229,142,1317,2174,105,80,114,24,713,1669,1035,1168,153,45,1055,1194,1270,667,230,84,44,927,1152,75,1003,22,65,39,147,856,76,110,154,126,689,2,45,944,1123,555,644,1643,80,130,137,640,168,56,770,48,1103,34,1241,212,110,1133,1338,44,92,1100,1277,868,605,438,1845,87,182,280,880,3992,699,89,121,25,853,163,62,54,734,933,984,1759,16,662,464,164,1485,56,1395
2_SF3B1,392,492,7781,2797,791,365,782,3201,4251,4772,2583,468,832,1197,5354,1212,2601,511,226,379,15848,8356,442,5568,625,408,810,3787,4066,1081,4789,4648,442,3972,3071,451,4766,523,390,1664,456,3785,717,363,3216,4079,1295,1091,4497,1785,5659,2291,2598,370,2249,751,7143,1445,485,5440,912,421,673,4601,649,719,431,4392,5632,755,4460,2629,11300,798,7418,2630,611,366,2125,4948,2364,3238,2826,552,2573,3659,349,5316,7553,4609,1525,5975,507,3068,3945,2906,323,4995,472,635,298,3016,5565,327,3264,310,4152,1297,2295,4767,543,7032,379,447,4203,6184,1484,1455,3081,879,5556,495,6299,2506,4436,2711,2910,2284,432,1801,302,742,894,11711,3872,0,4834,6051,8619,501,648,808,488,3160,719,1089,7377,624,7241,2104,471,2520,4270,5676,400,5471,3862,351,4402,179,0,4188,4799,390,10377,8311,376,475,3411,8243,8217,1137,4551,4471,2505,2217,1005,5754,892,3582,3133,7244,700,2847,3936,616,287,362,1152,6676,10804,370,321,2183,1744,3126,3864,4939,522,524,3518,389,3489,407,584,3157,3269,62,2150,1085,291,8638,1185,9890,3690,449,2753,631,2968,2362,3685,867,286,257,1974,592,5870,2101,3060,4161,298,3240,3409,469,4489,2692,348,3825,572,671,5789,3023,6991,2127,5377,4376,249,12104,4508,2374,5310,3827,2932,2930,2092,446,404,468,283,259,442,2665,3854,7635,4606,2381,437,5674,3912,418,4833,1198,771,389,624,3733,867,2529,6840,6778,3067,3667,2249,315,4357,0,567,362,456,3564,208,145,3180,564,4985,458,7910,451,3941,1270,4214,394,1479,4911,3791,920,2649,3560,2811,2724,12922,512,8078,376,787,5282,468,583,5648,2009,555,5253,12704,1628,1233,624,2859,1968,2218,4830,403,2107,2469,576,409,2183,7275,454,3534,2388,3062,469,4769,415,2011,523,1026,4086,2314,421,8680,1905,5323,5670,2270,2475,436,327,501,2919,882,4022,6666,371,4032,4297,869,3788,4400,4019,224,0,1614,4576,527,6146,1699,5409,1615,3930,1615,4633,7309,411,3182,413,6699,3451,2120,4981,770,639,6557,363,4372,4495,1228,465,7675,4256,2944,3487,3004,3669,481,4043,495,2594,6296,3028,3555,487,575,3852,949,2060,292,6863,3665,6588,2828,805,5814,2727,659,376,5493,188,2491,5770,5813,308,4081,4809,435,3283,497,4054,1326,999,3679,38,331,502,4838,411,4841,176,3174,313,271,4818,372,586,420,349,283,9090,3385,5339,5613,464,5357,1576,3131,10204,379,1493,3748,4128,2126,3099,416,428,1560,13125,2209,382,6958,1293,506,854,8324,2374,3327,4308,187,743,5323,3883,3380,2235,1769,2106,303,650,2193,346,6579,3334,2271,2163,231,3570,2275,5241,3631,583,3616,3061,458,16283,8256,2764,3613,473,3882,3964,485,653,333,5509,4946,554,670,481,2644,2121,4172,3922,1459,6045,1011,6970,289,1328,420,843,564,684,415,501,676,4066,5372,3907,435,4594,349,2057,2805,793,721,369,4145,3862,4291,8155,2858,4701,2349,11436,6992,4508,4708,343,9508,5084,4847,947,9777,417,5019,8650,4342,288,6401,973,1127,397,1293,2593,585,7078,478,4997,4440,5954,700,2750,3869,332,7327,669,678,3215,2016,551,5649,6029,4445,2936,6820,3240,4082,432,4250,2593,1604,460,6322,3956,3712,5059,2570,4704,208,900,560,4136,266,349,3744,398,6180,2271,1780,1284,796,538,12286,973,8694,581,707,2770,6729,391,2553,373,1868,3004,3847,3862,3364,368,1919,3039,5295,5833,2041,845,3612,292,3195,3115,355,4636,561,7034,632,1200,3214,311,237,559,525,4656,260,262,3372,3038,3591,1892,3918,522,397,466,2406,3832,306,2345,335,2060,361,5493,634,498,2869,6072,249,776,4878,4376,4560,1629,5200,8853,527,532,3850,3500,12088,3038,521,329,3189,2274,634,230,358,3932,2294,1190,8132,265,3568,3294,2481,4854,506,3841
2_IDH1,180,175,2942,1352,143,245,395,1588,2270,2198,1055,179,332,523,1200,627,988,252,117,313,6556,3485,101,2638,267,230,356,2791,1296,550,1731,2353,218,1658,1521,171,2159,135,160,581,256,2528,265,230,1686,2129,1393,306,2160,416,2018,847,1750,208,833,297,3178,440,262,2024,383,164,251,2014,218,0,81,815,2515,317,1417,1410,6080,212,3454,1464,214,184,1352,1942,1286,1762,1135,248,279,2217,173,2702,1643,1983,695,3248,183,1741,2281,1327,128,2127,244,279,164,1565,2749,107,1999,117,1880,114,1103,2110,248,3109,161,250,2493,1981,684,608,849,833,1960,193,1216,1474,1687,747,823,684,178,201,290,319,417,5453,1925,0,2318,2173,3476,261,365,405,228,1066,293,186,3429,216,3159,860,139,1396,853,1854,170,2230,1328,185,1863,186,1578,1443,2643,231,4751,4450,152,299,2383,3867,3064,500,1908,2144,1178,1754,426,3137,363,1816,1381,3345,211,1220,1613,240,136,280,518,2422,4570,238,137,1539,486,1029,1447,2176,252,337,1275,200,1557,206,242,1676,1467,41,695,622,226,4684,617,5281,1895,242,1768,257,1794,1086,1778,312,62,112,603,207,2676,2328,1022,1797,129,1582,1859,171,2544,645,197,2172,203,320,1497,1733,3515,1156,2476,2071,115,4492,1509,839,2720,2088,1332,1973,1433,117,231,171,162,83,161,875,1904,3504,1783,436,269,2641,1534,296,1615,489,314,242,302,1437,456,1632,3164,3332,713,2205,1553,212,2219,560,356,180,202,1884,113,150,1339,267,2579,162,4142,322,1605,563,1855,178,1000,2195,1311,404,927,1776,776,1280,5299,351,2134,177,386,2869,241,265,786,320,230,2545,4540,509,548,299,475,773,772,2038,102,2023,624,313,159,1942,3705,224,1524,1981,973,264,1956,204,965,272,450,1787,1055,175,3786,408,1334,2515,1642,774,218,174,202,1845,516,2166,4674,168,2009,1005,1226,2304,1951,2437,122,903,1031,2406,251,2270,763,2613,1868,1790,729,1977,2843,234,684,234,2944,1278,976,2197,256,276,2517,176,2058,2079,460,194,4223,1851,1542,1848,1051,1591,241,1438,148,1096,3350,915,1668,256,287,1503,471,667,155,3240,1919,2728,2004,258,2795,1708,265,119,2135,67,1652,1291,2385,217,1283,1468,173,2002,224,1711,707,472,1988,185,185,198,2064,230,2295,115,640,217,98,2667,109,188,94,86,253,2495,2114,2041,2268,168,1790,2246,1464,6412,187,447,2043,1443,933,1343,117,0,581,5881,939,182,3158,579,295,343,3030,653,1694,1507,232,312,2455,1605,1601,1102,1581,1113,210,326,580,81,2775,1347,1725,1824,202,1375,1863,3026,1460,230,1810,1261,228,9004,3529,1540,1227,174,2260,2518,234,241,95,1108,1999,215,412,265,1185,836,1739,2123,735,3415,389,2919,98,1205,288,319,249,236,204,265,350,1911,2525,1596,165,1979,198,425,539,290,277,211,1836,2177,2206,4930,1350,2141,716,3408,1525,2038,1992,118,5028,2923,2294,390,4703,201,1644,2604,3504,130,2491,532,491,231,570,1278,293,2871,282,1926,1703,2936,402,535,1860,171,3035,317,231,1290,961,194,3377,3017,1871,1486,3401,1635,1219,254,1918,2013,701,261,2802,1809,1506,2552,1613,1984,0,404,246,2582,289,179,1210,303,2936,1449,760,672,398,185,5048,432,1000,175,311,2531,2947,209,1049,133,160,1648,2476,1550,1753,247,649,1312,2539,2404,1159,377,1390,168,1050,885,114,2499,214,1301,292,417,1726,86,227,259,275,3023,169,97,1699,1353,1287,956,1658,130,217,221,968,2342,177,1021,215,1187,75,3197,236,251,2909,3920,156,443,1991,1143,2259,1166,2399,5040,360,271,1986,1744,6199,887,265,136,608,1291,341,124,148,1791,1027,831,4480,92,1730,1907,936,2134,180,1264
3_GATA2,14,22,861,295,26,26,168,308,317,691,236,36,36,119,121,90,261,111,65,131,2335,246,0,825,127,62,60,1030,195,150,292,193,70,496,221,61,427,53,38,18,108,486,143,25,463,180,619,225,699,0,341,28,161,0,528,53,582,291,68,661,38,7,34,259,62,56,14,194,202,124,666,258,1768,48,369,634,84,73,55,669,317,554,115,63,41,598,101,923,875,483,147,471,19,379,653,58,28,339,4,75,55,565,649,30,421,31,249,14,309,360,39,928,32,84,451,30,133,73,128,65,201,57,35,161,178,297,0,14,67,66,77,128,70,892,542,0,728,547,309,77,44,106,32,116,87,25,514,61,260,289,33,322,134,489,75,684,779,44,597,66,0,41,383,73,630,1241,60,47,22,985,1355,74,878,682,227,196,87,71,48,691,423,727,169,75,272,84,30,38,99,752,56,46,39,336,62,83,814,621,29,39,304,54,521,50,38,362,599,20,634,275,32,705,70,974,801,93,468,111,438,291,629,184,28,111,14,16,556,513,24,614,41,171,87,96,806,86,28,374,13,51,137,309,588,312,562,266,57,10,627,502,737,636,247,738,562,39,48,79,57,28,33,28,518,494,57,16,70,727,185,26,139,90,93,50,30,606,149,237,548,362,664,421,185,6,308,132,50,22,81,200,42,16,46,120,525,28,417,95,822,185,290,54,276,558,435,36,462,492,62,382,527,94,987,16,102,575,12,130,614,47,44,0,481,24,90,67,382,278,160,398,10,296,59,38,58,370,827,55,264,686,42,70,682,33,363,19,140,556,539,56,1192,46,970,315,153,221,75,14,12,440,152,708,1363,46,650,42,2,618,661,436,48,178,54,860,26,727,287,123,162,457,336,658,156,78,93,56,1419,629,0,542,19,56,158,78,554,517,216,7,1285,120,184,608,426,720,50,616,132,444,290,63,229,46,53,586,104,32,16,328,548,1444,558,130,60,694,126,107,571,46,145,58,340,17,674,146,32,365,66,804,346,118,358,0,75,82,587,84,234,56,493,116,70,849,79,98,16,79,72,346,379,701,996,44,863,829,67,1839,18,27,173,232,453,593,68,32,322,1203,532,33,746,139,85,153,540,102,426,93,80,16,528,462,446,84,274,95,47,80,84,28,1181,195,596,467,30,481,496,424,190,82,562,176,98,1962,532,245,298,70,651,965,83,43,22,127,130,71,28,107,415,376,592,1000,10,733,71,1110,85,110,55,227,61,66,89,64,53,646,742,477,65,565,34,157,341,54,61,25,506,205,478,1632,400,876,334,928,772,331,499,45,1288,554,197,118,1560,76,282,1092,799,40,889,85,137,63,194,358,43,1284,91,721,313,646,107,73,472,2,485,50,28,385,362,41,429,793,149,158,1020,466,475,69,760,729,102,66,834,404,290,369,579,237,54,139,65,755,98,16,193,12,502,339,231,8,108,118,1506,160,395,146,89,458,653,56,70,45,20,243,790,576,439,36,42,591,285,348,338,131,85,2,539,415,20,233,4,56,60,32,636,31,36,113,68,567,12,8,489,521,38,147,307,32,64,56,155,194,13,151,34,437,28,861,106,48,463,1499,47,105,429,605,671,147,519,1249,34,29,110,656,1565,60,43,91,35,0,127,28,45,397,465,406,1000,10,252,192,167,818,42,719
4_KIT,125,54,5084,2675,109,175,543,2684,2047,2890,1388,241,453,610,1564,613,1427,370,165,405,12683,2281,334,4990,379,339,417,3213,601,699,2144,1292,446,2245,1515,410,3003,220,152,231,440,2784,511,172,1757,1242,2529,505,3900,271,1803,191,858,401,3576,455,2824,1398,247,3620,648,96,261,1449,227,173,309,721,1554,446,2314,1435,7732,225,2377,1056,414,198,1513,1284,2102,2547,766,304,312,2694,297,4891,3565,2912,928,4754,283,3613,3601,669,195,675,325,339,215,2947,1426,245,2237,262,1614,138,1998,2428,406,3843,111,429,3076,747,870,560,429,1001,1687,271,444,2218,1309,1377,822,1887,52,367,474,502,434,6258,2251,1830,3338,1573,5945,341,209,419,114,682,538,306,5441,227,2485,1624,314,1393,596,2213,394,2071,3126,174,3578,259,0,613,2423,238,2408,6577,245,391,3071,6135,6089,305,3428,4677,2013,1429,480,3278,249,2615,1917,3151,396,1877,1699,273,80,205,417,3633,4581,330,245,1132,224,487,3764,3324,180,262,1939,329,2406,276,192,1801,2468,79,2041,833,293,5618,1017,5974,3398,262,2246,268,2527,2331,3198,673,82,267,255,241,2156,3316,50,3702,195,1074,994,357,3198,256,334,1542,146,347,1379,1177,3905,1001,1706,1829,227,2942,2422,2008,3754,3641,2359,2481,2389,251,268,216,147,84,213,390,2658,3737,1066,159,231,3031,1082,157,1285,366,544,263,173,2690,583,1593,3689,3902,2730,2709,1491,142,2497,698,273,154,363,2001,142,136,904,436,3439,246,2965,407,3100,906,3053,253,1399,2955,1811,342,1617,1442,217,2533,3400,329,5248,215,398,3569,145,469,3363,243,246,2808,1575,236,501,406,2435,1644,1881,3373,108,212,217,180,253,2611,3790,232,2387,2321,393,265,3109,255,1717,160,660,1842,2094,357,5985,372,4303,3079,1105,1252,281,272,56,1238,530,3259,5377,89,2603,361,979,2874,4128,2945,225,881,262,2911,238,3921,1334,3266,1261,2848,1868,3082,3292,377,482,189,6215,2310,197,3153,220,371,1382,293,2588,2808,761,187,6577,3719,2825,2211,1789,3176,284,2541,410,2153,3024,543,2325,280,289,2891,507,259,170,1799,2776,5342,2803,450,1091,2995,514,322,1736,140,2970,822,2666,109,3118,731,96,2774,225,3542,1675,652,3277,149,235,340,3495,377,1523,269,1596,386,246,3625,266,503,78,327,259,1558,2232,2908,3810,238,3938,3792,2373,8460,332,441,1879,1118,1986,2672,283,192,1230,6770,1944,237,2797,638,443,644,2909,466,2693,686,304,123,2570,2495,1970,781,750,1756,221,415,533,199,4210,1122,2387,2340,174,2539,1292,1888,1977,380,2997,1723,384,8890,5960,2825,1997,277,1997,1871,476,345,134,1353,2112,343,183,252,710,2130,2676,4197,267,3699,411,5023,250,727,362,921,304,320,334,240,286,2642,3165,2813,212,3228,268,360,2055,179,227,158,2800,1679,2876,6390,2222,4034,1751,5095,3703,2728,3332,304,6707,2338,1371,509,7543,220,2032,5225,4416,222,4382,559,740,209,894,2454,328,4735,260,4107,1839,2982,330,503,2709,245,3123,236,403,840,0,203,2700,3672,1194,2149,5026,2288,2653,241,3191,3513,473,254,4451,1632,1426,1840,3108,803,124,694,421,3480,417,152,1698,125,2552,1878,1291,313,535,396,9065,570,1993,480,359,3102,4960,217,799,320,367,1400,1993,3841,1982,321,235,2427,3077,2876,1173,417,160,129,2148,2425,144,2426,104,824,401,261,2701,267,264,463,331,2506,189,204,1650,2641,1502,1855,2844,370,311,324,1574,1115,180,895,170,1926,170,3531,437,304,2605,4577,203,524,2752,3310,1881,1605,3285,4549,282,416,1219,2309,9355,2102,336,275,283,2104,272,246,281,2373,1647,1637,4798,60,1691,1291,2030,2762,215,2028
5_NPM1,12,3,1573,584,0,10,79,1103,395,714,545,24,22,60,67,109,221,168,20,8,4269,342,280,3870,30,170,104,382,91,275,150,152,197,2367,211,305,1124,22,14,18,369,162,399,50,576,32,826,38,1284,6,105,2,23,49,7,95,287,303,40,722,24,0,12,316,32,46,256,46,82,249,611,123,560,0,338,94,177,78,313,109,1585,859,111,110,14,289,125,714,2901,402,43,1488,121,947,1539,26,62,116,35,94,10,1143,293,19,534,136,45,2,613,239,71,848,12,81,1179,52,129,42,32,241,99,52,68,1261,26,260,51,242,13,22,87,201,74,447,105,178,781,213,1085,160,27,85,6,32,93,28,3039,44,431,703,48,30,39,229,23,562,2072,68,3327,74,368,59,426,209,54,1419,169,106,1025,1848,1779,6,1128,415,365,136,115,751,34,140,869,385,60,628,30,59,6,11,8,630,365,169,114,48,16,33,960,1633,22,8,1627,53,588,74,31,455,2004,2,14,0,24,925,58,480,1692,16,246,14,383,1087,1467,229,5,38,8,84,312,1538,18,2330,32,128,66,205,482,26,0,24,0,66,53,92,825,15,201,212,219,87,1217,1896,1217,1232,92,284,1411,183,18,186,4,4,10,15,513,289,34,22,34,641,188,22,141,38,287,66,42,753,69,91,211,1316,1598,766,518,4,219,18,34,2,155,232,49,23,123,196,389,58,172,88,831,125,561,7,133,1015,294,28,1251,641,24,1533,172,43,102,52,99,1429,12,258,903,24,32,537,94,10,53,207,722,1213,1138,1259,11,4,0,12,123,348,692,12,751,880,36,14,327,25,1130,14,189,1664,1779,131,627,26,535,642,125,546,40,70,8,237,103,629,656,0,538,70,50,180,1403,305,72,0,14,378,32,2789,274,1448,44,2256,679,134,176,41,14,85,2473,1950,20,1342,18,171,119,196,350,1408,85,8,546,1279,371,0,60,2097,61,541,82,1802,259,24,200,60,88,1403,77,8,20,249,782,338,678,68,132,1566,349,210,130,0,20,52,737,0,598,77,14,858,12,2184,576,82,1292,65,2,164,281,146,128,47,86,26,86,911,97,380,0,92,4,145,622,883,242,78,538,402,661,807,109,18,128,76,393,558,6,22,14,958,659,34,829,80,34,96,187,20,1961,76,25,6,534,361,441,22,20,233,20,157,4,137,1688,22,108,335,8,1958,18,179,115,77,416,213,207,944,3032,1035,366,53,166,791,2,14,28,71,67,26,10,80,26,1165,2056,1434,16,666,70,2534,56,74,39,0,89,20,14,74,84,68,130,806,73,988,30,12,1155,6,26,4,694,52,247,299,978,1927,1072,237,672,203,165,185,2101,137,70,58,1881,8,276,821,1160,209,1359,49,52,86,18,1857,87,67,22,2131,563,516,58,24,1200,36,393,41,145,24,850,6,250,1607,150,703,1396,1313,1000,87,843,628,22,73,1020,56,56,840,2033,8,0,407,94,1217,110,10,137,32,234,136,12,2,129,178,3331,153,169,138,67,1054,930,74,18,94,4,172,634,924,232,134,12,1259,1113,148,497,62,14,8,1599,1802,2,282,4,49,24,4,312,118,84,36,92,175,29,12,197,1872,188,175,394,13,106,218,870,192,36,246,11,574,6,458,74,24,407,231,10,107,1538,1222,937,996,256,448,2,63,30,451,3525,753,73,170,24,917,100,34,32,408,1508,15,526,2,206,209,36,916,16,87
6_chr6,221,149,4562,2389,255,112,579,2957,3713,3670,1585,302,593,1323,2357,724,2095,419,224,367,10147,4906,326,3999,415,321,511,3516,2927,747,2959,1964,293,2490,3173,317,2590,383,260,585,339,3092,383,182,3893,1623,2503,415,2949,369,2607,401,1048,301,877,520,3359,1230,316,3122,451,247,227,1737,544,435,234,2555,2529,501,3981,2249,7500,256,3715,1728,381,477,2919,3978,2284,3542,2937,450,418,2272,377,6875,3772,2822,874,4578,287,2574,3036,1218,299,2763,269,447,206,2639,2794,222,3548,290,2239,186,1876,3476,384,4685,214,260,3167,1804,1226,454,3554,2151,2175,328,1577,2038,1820,1781,1243,1481,394,431,547,723,448,11018,1708,1756,3889,2268,5289,297,463,806,259,1012,366,283,7925,375,3596,1980,264,1275,2582,3452,255,3158,2573,359,3529,229,626,1066,3164,329,4726,4750,295,346,3714,6385,6174,344,2982,3699,1935,1548,735,3981,426,2264,1605,4475,393,2409,3617,330,143,176,970,4273,5574,259,233,1217,381,1346,2860,4769,371,334,2375,343,2405,310,523,2368,2914,20,1304,258,245,6152,965,7125,3341,333,1929,268,2543,1712,2881,591,224,391,401,329,4834,2424,370,3203,163,1699,1466,326,2940,1591,253,1372,189,492,2680,3068,3605,615,3717,3193,199,7319,4016,2312,4447,3896,2471,2818,2436,400,254,416,137,230,351,999,3339,3280,1794,1903,496,4268,1648,241,3736,549,631,371,475,2564,675,1613,4058,5118,2416,3180,3471,136,2622,555,505,306,366,4025,149,178,2681,326,3021,354,4463,571,3932,993,3863,315,1447,3416,2831,544,2284,3135,959,2882,5679,374,4720,312,501,3774,397,383,2852,315,330,3750,3502,650,755,543,2857,1281,1792,4656,161,232,296,277,356,2859,3417,234,2508,3831,560,477,2556,287,1684,426,779,2663,2015,387,5321,332,3021,3596,1792,2174,400,307,146,2007,588,3266,3742,212,3499,1040,266,2537,3253,3609,212,1564,1527,3369,167,4133,1082,5050,1390,3066,1198,2535,3833,350,979,420,4445,2403,889,3900,417,385,2481,257,2979,2668,695,277,5134,3447,1664,2363,1630,2511,305,2783,460,2017,5031,872,1815,471,477,2588,799,770,131,4727,3284,3161,2545,628,2209,2952,536,248,2081,138,1182,2727,4759,352,2701,1338,322,2804,372,3455,1181,915,3977,210,222,290,1035,359,2272,170,2021,297,143,3861,264,461,362,288,176,3286,3089,2850,3618,374,2847,3471,1697,6115,315,547,2070,1971,1931,1956,286,360,640,8651,1246,217,3793,1071,250,593,3516,545,2360,1320,343,419,3136,3551,1631,725,1320,2318,278,635,361,231,5474,1634,1286,1371,212,2983,754,3964,2555,537,2357,2129,442,14222,5429,2984,2173,322,1681,2933,450,286,233,1972,3407,347,406,372,1127,1390,2919,4162,638,3512,547,4431,193,1625,332,304,448,397,438,413,525,2478,4016,2854,237,4146,357,535,2591,272,597,349,3672,1894,2954,4223,1917,3402,1653,4625,3428,3359,4210,266,7273,4087,2098,976,6697,165,3065,4718,4169,247,3344,743,507,130,569,2464,434,2556,484,4402,3827,2679,602,944,2443,263,6039,579,524,2439,1550,243,3319,5777,2242,1930,4934,2261,3386,328,3436,3097,685,389,6213,2758,3543,3568,3936,1567,222,698,500,3785,468,217,1746,225,3623,1790,787,361,771,348,10257,701,4039,296,673,2908,6428,305,1462,460,472,2152,3846,3126,3081,353,437,2061,3119,2840,2596,633,2088,292,1900,1927,213,2228,76,880,236,599,2423,212,338,393,452,2416,196,240,4522,2306,2808,1135,3338,384,287,462,1849,3460,144,1804,463,2324,193,4224,465,234,4067,3732,253,866,4562,2839,3384,1617,3627,5734,103,633,2551,3350,9903,2228,476,258,720,1234,596,159,308,2264,1706,742,5117,134,2655,2555,1226,3628,356,2147
7_EZH2,166,126,5878,3195,91,108,688,2682,863,3312,2117,167,218,550,4333,351,1032,489,187,252,11454,3144,400,5511,480,411,427,3047,866,951,2901,1704,440,3359,2220,454,3359,169,121,241,648,4125,783,292,2299,1981,2238,363,4132,271,1697,118,283,176,2360,613,4462,1260,355,4173,457,54,303,1664,261,237,349,476,2397,796,2651,1037,6387,94,2403,761,583,351,2433,2685,2855,3487,1436,438,223,2755,381,6983,6965,1542,510,5407,287,2560,3661,1920,303,2491,278,400,198,3110,2704,209,3276,232,2119,143,2175,2827,446,5126,142,313,3578,844,1086,1031,433,1702,1774,300,792,3202,2175,3019,442,1667,107,205,426,412,568,10945,1331,0,4000,891,5415,272,361,662,163,515,343,427,8474,213,3466,2264,371,697,519,2604,456,2816,3711,354,2902,345,2313,2239,1954,492,1268,6812,385,378,4213,7257,6943,323,4269,3631,2555,937,1009,3840,467,1626,3194,2984,381,2062,1457,234,152,139,162,3113,6495,388,294,499,182,644,4396,4651,321,247,2706,450,4115,388,444,1958,3660,188,1639,860,317,5195,666,8053,4197,142,2253,105,2811,2891,4094,838,147,385,348,381,1867,3059,606,4240,111,1355,515,437,2184,400,349,556,20,436,1892,1361,3853,452,1560,1688,260,3839,2312,2551,3939,4119,3041,1618,3367,418,130,470,183,61,155,359,1856,3136,548,162,245,3489,909,333,1252,230,708,309,245,3688,425,572,3760,5657,3079,3091,2797,157,3038,421,160,200,361,2198,215,224,708,511,3158,290,5416,410,5133,894,1707,229,1564,3608,2526,624,2548,3046,352,3016,4117,359,4681,234,683,4048,193,442,3531,125,298,4727,1520,331,698,603,483,1675,2206,4451,114,138,210,244,265,1128,5249,247,3186,3339,619,182,3583,288,1938,122,786,3322,2839,391,7178,180,2802,4175,1402,2594,259,390,80,1169,616,3961,4358,94,4093,729,417,3129,5736,2596,244,2348,782,2202,243,5383,1182,3930,1362,4183,1734,1774,3412,324,518,448,5038,3165,378,4049,245,434,2228,384,2541,3703,1006,226,5045,3459,2716,2013,4203,4106,380,2965,311,2931,4059,888,2379,484,462,2871,369,335,60,4092,3910,5299,2685,325,1960,3070,595,331,1423,150,1453,1686,4087,148,3374,1691,97,2952,329,3969,926,659,3360,10,187,330,3569,388,2840,211,2814,309,260,3916,318,595,94,214,50,1735,2430,3826,3138,424,2689,3301,3063,9000,339,493,2585,2041,2679,2889,121,142,1276,8284,2514,245,4105,767,523,666,3808,607,4038,1003,392,121,2789,2677,1550,384,1168,2375,275,624,1184,260,4919,942,2279,1688,106,3458,1443,3578,1164,379,3525,2366,466,10633,8177,2693,2404,299,701,3752,398,390,102,1796,1412,395,356,459,158,1759,3329,5106,136,3040,530,7106,428,524,380,534,300,172,297,455,447,2329,2101,3921,257,4283,399,124,2786,266,291,182,2692,1244,3341,5263,2774,5048,2290,6406,2918,3658,3048,362,8038,2845,1883,504,8122,233,2308,5907,5016,313,4190,454,586,447,513,2947,366,3942,333,4616,3210,3746,539,808,1726,234,5129,235,374,1045,0,121,2917,4531,1808,2071,4877,3207,2797,351,3741,2136,430,265,5109,2184,1474,4312,4487,1170,319,914,255,3918,425,158,910,251,3110,2936,613,380,702,405,10779,618,2772,489,426,3856,5743,318,1514,324,1147,2184,3531,2581,1823,407,626,2816,3813,2603,2465,624,181,211,2999,3244,106,1503,161,888,315,90,2973,274,226,389,344,1703,129,96,1939,3271,1972,2493,3329,366,301,405,2555,1664,204,1220,199,2658,167,2453,215,280,3047,2143,156,637,4275,4241,3204,2461,2124,2811,243,329,1836,2750,11203,2852,430,338,454,1819,503,175,355,2811,2666,1269,5939,84,1728,2771,1267,4285,168,2718
9_JAK2,30,8,2111,1284,40,5,194,1037,317,915,203,32,19,56,754,203,736,108,14,88,5373,172,127,1953,183,170,153,1964,12,181,54,137,201,46,148,191,950,32,24,12,310,457,297,20,2222,170,0,169,1521,58,646,10,20,83,360,176,2106,389,152,1239,22,2,10,377,304,72,161,1040,353,194,855,90,1107,8,342,133,186,53,180,1250,563,738,109,206,8,464,79,2947,3602,302,71,1681,71,1037,1354,143,32,256,60,56,42,8,240,32,345,60,134,6,654,520,44,648,16,82,1688,52,185,98,44,135,202,157,52,983,142,501,1,260,8,19,126,254,95,1404,594,0,1559,597,2029,44,48,189,6,56,51,46,1160,40,1072,168,81,44,46,1097,176,698,1605,21,1260,63,0,163,313,215,485,961,132,98,1273,3116,2416,5,1296,828,814,189,177,960,79,309,516,315,163,622,424,43,6,12,77,1401,794,104,117,119,18,97,1478,1430,0,21,1045,132,886,68,33,784,1007,2,632,12,82,1739,40,1617,1747,30,308,56,717,1291,1157,320,16,66,6,65,405,1376,7,2267,15,160,506,166,391,125,23,58,30,119,137,100,1363,4,1049,219,96,439,1134,1526,2227,1530,1586,541,35,89,56,139,6,6,38,52,724,459,81,18,28,651,425,40,307,32,298,78,82,1378,71,55,436,1427,1550,972,658,51,1047,68,6,30,142,828,74,40,72,158,252,69,529,72,538,148,112,50,80,1258,394,221,1311,1180,6,1288,464,56,1071,55,152,1179,14,245,1224,2,64,805,214,118,97,200,800,757,1065,818,0,4,18,16,193,278,1053,60,704,1104,32,20,516,0,548,126,278,1682,766,24,1328,16,1120,155,203,465,58,90,10,112,104,963,1165,12,826,112,478,271,998,621,0,197,65,945,77,2460,410,156,77,1593,820,1056,733,88,48,6,2072,1525,0,1948,47,44,131,84,756,599,469,10,1205,528,802,942,421,2298,30,261,178,920,698,66,228,87,81,732,32,6,14,890,51,1062,1404,125,267,1120,261,135,310,12,60,220,738,8,1717,101,4,342,70,707,449,120,1404,0,48,173,435,72,82,77,4,86,139,990,200,246,6,0,20,542,371,765,1372,52,788,728,986,835,22,70,62,162,976,919,22,62,215,2098,770,46,1137,141,201,315,164,42,1429,73,209,23,133,624,404,74,78,168,22,80,53,152,1383,70,0,117,0,1816,21,691,357,124,1147,479,220,2206,771,990,335,32,290,1368,250,122,4,119,251,94,29,131,20,979,1057,1049,6,601,152,3244,65,38,47,61,76,12,111,153,129,76,363,1538,25,1086,66,38,762,24,143,24,18,64,764,1125,578,1516,499,670,1267,510,940,82,2782,1086,293,56,2444,0,336,930,1612,8,1449,69,158,113,54,1479,123,650,48,1528,887,491,101,79,1101,59,603,33,209,230,637,35,746,1035,128,471,1436,1350,397,30,289,571,82,109,1245,384,213,825,1840,162,190,415,107,227,198,16,122,16,315,342,48,4,240,222,4233,212,735,216,113,1071,1328,0,80,126,8,77,981,948,488,108,123,1101,512,787,1524,193,28,0,429,1443,39,464,6,182,92,4,970,86,64,103,81,131,9,0,467,840,231,226,607,58,121,105,576,1018,42,120,38,268,26,1178,68,37,1546,637,49,234,1145,1842,714,351,390,298,28,178,74,682,2734,1373,146,2,98,102,130,54,6,474,707,68,335,14,93,20,68,1411,8,381
10_chr10,191,148,4465,2588,172,159,589,2339,2796,3568,1496,244,572,620,2980,804,1438,462,251,356,11695,2763,360,4681,337,334,350,2130,1376,597,2105,2206,411,3110,1508,394,3627,227,225,245,575,2168,655,234,2311,1750,1123,467,3532,198,1938,430,821,301,2791,482,3880,1250,331,3908,620,113,371,2391,240,192,341,857,2176,509,3267,1727,8249,213,3617,1235,458,372,1606,2691,2218,2343,1453,370,590,2136,299,4773,4017,3492,562,4607,256,2790,3537,1248,138,1764,358,414,179,2483,2955,226,2724,224,2168,281,2135,2994,349,4368,202,361,2970,1159,892,826,611,1071,2069,259,764,2505,1685,1729,561,1298,227,395,418,476,455,8669,2763,1985,3184,2101,4715,326,355,527,184,1600,347,272,6145,223,3965,1766,366,821,994,1524,261,2960,2939,283,4274,304,1139,1379,2956,360,4411,6732,268,404,3177,5767,5770,431,3841,3557,1953,1939,584,4321,346,2392,2171,3884,320,1826,1887,286,133,204,582,3471,6142,349,308,1243,406,1053,3969,3273,241,228,1973,373,1803,293,257,2161,2905,179,3038,565,240,6492,754,5973,3510,242,2166,273,2504,2272,2822,540,92,297,270,320,4044,3223,826,3389,171,1492,1256,350,3565,715,312,1186,151,438,3027,1329,3795,928,2319,2408,243,7144,2978,1733,4010,2872,2660,2025,2202,345,229,313,222,113,302,950,2876,3882,1824,1027,299,2856,1910,191,2448,383,558,329,297,2694,622,1371,5089,3954,2734,2629,2371,96,2341,729,343,243,424,2387,161,139,1505,432,2548,389,3857,379,3548,800,2668,272,1108,3373,2392,470,2260,2739,643,2483,8495,262,6768,232,459,3940,173,465,4010,504,227,2845,3451,584,578,544,1289,1413,1960,2957,135,1008,396,339,283,2224,3866,243,2726,2352,684,258,3597,243,1868,182,641,2151,2253,349,7173,806,3608,3999,1720,1147,355,274,187,1359,602,3272,4961,106,2245,951,359,1830,3494,2362,167,1334,730,2329,270,4606,1337,3966,1315,3341,1562,1773,2392,284,925,270,4787,2471,975,3508,239,401,2627,311,2637,3025,1167,213,5139,2972,2305,599,1712,3124,307,2569,368,1982,3258,1071,2696,365,335,2906,487,343,134,3159,2994,6104,2551,447,1505,3185,560,339,1666,225,1183,1486,3567,82,2742,2722,192,2501,354,3030,1320,652,3067,126,230,321,2358,333,2492,186,1771,291,262,3732,254,597,158,293,224,3112,1967,2808,3010,320,2660,3242,1974,7432,203,333,1692,2350,1974,2567,245,193,1496,9408,2257,264,3631,663,406,780,3730,1194,2877,1208,236,196,2778,2440,1878,865,579,1453,290,563,987,306,4512,1430,1354,1522,154,3140,1178,2817,1659,322,2376,2236,405,12514,5117,2373,1971,220,1375,3013,472,384,165,1543,2056,482,373,304,782,1829,2911,3767,491,3300,606,5665,254,1258,319,807,391,333,348,364,407,1814,2597,3217,250,1973,308,462,2019,300,385,128,2690,2392,2899,7178,2403,4395,1992,5742,3186,2118,3158,310,7937,2815,1686,569,7184,194,2534,4470,4636,294,3933,590,836,288,1150,2126,337,5966,265,3476,3222,3983,373,904,2918,199,4826,319,415,1877,1607,139,3157,3986,2024,2077,5007,2158,1888,293,2690,2860,833,510,4412,1609,1547,2738,3326,1524,177,764,325,3859,360,192,1871,142,2707,1597,821,350,637,328,9356,722,2239,454,342,3191,4591,263,893,347,812,1731,3006,3007,2093,316,1089,2584,3550,2580,1524,530,566,200,2644,2072,90,2194,136,1424,278,426,2469,224,271,368,261,2343,192,204,2560,2794,1744,1202,2605,311,278,374,1785,2020,258,1577,213,2402,236,3601,389,260,2508,3503,146,776,3210,3176,3223,1280,2548,4334,293,426,1721,2648,9235,2174,316,238,489,1962,502,239,241,1766,1680,1937,5161,108,1942,1942,1668,3053,255,2705
11_WT1,187,226,7451,3457,148,282,684,3584,3505,3849,2832,289,817,913,5231,953,2178,550,245,329,15766,3466,527,7213,566,476,598,3615,1959,995,3046,2594,513,4192,2453,517,3812,432,239,412,700,3399,659,244,3184,3352,2266,652,4565,305,2655,244,1228,491,3076,610,5268,1850,382,5902,665,150,558,2612,357,403,510,1449,3255,522,4462,1601,10539,128,4233,2228,607,348,2375,2940,3047,3366,1775,556,358,2926,386,4445,4482,4081,1246,6710,354,4353,3819,2442,173,2533,356,616,269,3913,4481,373,2590,386,3321,490,2860,3957,558,5402,272,519,4413,1420,1154,1190,1303,913,3704,279,652,3379,2467,2325,1395,1899,287,561,587,629,684,9997,2932,2602,4111,2666,5898,430,552,753,323,2535,693,469,8347,313,4623,2143,172,1315,1333,3685,355,4031,3651,442,4831,377,1565,2508,2824,469,3198,8777,429,463,4771,9042,8022,850,5077,4287,2863,2443,920,4731,426,2437,2889,5481,394,2725,2534,399,292,335,431,3804,8075,390,403,1849,367,1672,4996,4664,408,172,2970,458,3402,433,393,2853,3828,283,2777,1307,361,8178,515,9912,5255,388,2616,350,2655,3262,4674,806,262,482,604,589,4183,4295,307,4854,222,1923,1799,526,5108,1379,439,1942,227,637,3848,2473,5865,676,3441,3632,295,9859,3895,3128,4940,5282,3394,2695,3576,480,439,489,212,193,302,935,3234,4731,1056,1276,325,4577,2836,283,2029,602,840,268,240,4037,704,1316,5873,5470,3814,4477,4069,216,2738,2032,496,255,595,2829,209,190,2447,558,4741,387,6430,362,4772,1132,3560,236,1422,4073,3692,692,2842,3387,813,3729,8508,492,6148,224,821,4966,260,807,5008,355,416,4550,4827,916,799,649,2116,2141,2460,4775,228,435,303,612,391,3874,7029,402,3430,3298,1630,401,4402,386,2376,201,828,3237,2886,428,7480,213,4509,2903,1424,2901,394,464,187,2433,811,4199,6935,259,3040,1214,16,4942,5118,3039,317,1454,1276,3876,418,6455,1795,5023,1715,4787,2202,3491,4288,373,249,290,8407,3599,1813,4632,26,564,4878,380,3440,4415,1094,334,7753,4444,3305,1686,2749,3761,412,3075,511,3531,5744,1241,2890,477,544,3528,684,572,136,2633,4048,6633,3258,679,2113,4240,760,455,2692,172,2027,1683,4444,0,4277,3972,258,3915,434,5725,1710,763,3850,388,258,551,3797,489,4577,211,1832,442,344,4138,353,772,238,426,267,4914,3222,7364,5143,491,3003,3976,3690,10560,380,712,3519,2444,2607,3337,320,281,1421,11649,2759,272,4666,774,384,970,5605,1416,4003,2152,439,296,3503,3269,2049,1115,1511,2642,394,784,1769,339,6611,1814,3050,2873,290,3946,1810,5039,2474,473,3980,3303,633,13856,6687,3191,2935,364,2261,4380,571,501,184,2618,3459,555,631,448,1793,2017,2652,4693,718,4386,567,7663,332,1309,559,579,464,465,497,555,524,3281,3916,4347,463,4855,416,513,3109,482,462,323,3477,2879,4238,8900,3241,5313,2548,8628,4065,4144,4543,400,9768,4276,2330,884,9572,310,3861,7376,7592,348,5433,529,715,393,1109,3534,493,6037,414,4374,2523,4859,579,2036,4204,275,5729,414,557,2665,2152,206,5105,6081,3095,3310,7147,3386,3883,515,3892,4195,931,569,6605,2724,2312,5549,4910,1892,298,1033,398,4253,618,207,2657,237,5155,2739,1246,739,934,447,13260,804,2070,617,605,4464,7044,382,2106,403,981,2594,4416,2962,3307,503,1103,3268,4472,4663,2743,476,630,279,3281,3569,203,2496,217,977,364,405,4163,308,372,522,439,3890,222,191,2182,3055,2730,1996,3699,409,411,562,2474,2846,245,0,291,3578,281,4341,569,439,4485,4857,167,806,3794,4805,2376,2056,3321,6227,620,481,739,3222,13249,3128,477,398,172,2528,403,254,343,2472,2731,1390,6414,213,2282,2651,1097,4111,396,2541
12_KRAS,118,69,5867,3199,58,127,512,3151,2036,3376,1918,238,391,549,710,999,1095,538,166,238,12907,2410,489,4744,480,422,510,1986,999,914,2084,1780,369,3156,1919,437,3877,168,180,159,578,2237,487,212,2992,937,0,361,3972,154,1789,126,423,305,1658,466,2119,1466,291,3641,240,78,260,1685,278,228,427,942,1629,441,2860,1432,5677,51,2860,956,461,433,1955,4800,2760,2479,1033,473,110,2047,359,2368,4497,3442,799,5488,315,2836,4025,451,191,1738,347,505,190,2641,2659,190,3356,279,1364,69,1837,2592,448,4401,216,286,2908,1038,813,468,358,1906,981,237,714,3190,489,1457,538,1758,194,331,564,703,469,8179,2934,1980,3109,1607,4148,463,396,568,131,759,513,326,6407,341,4094,1651,210,776,523,2311,356,3522,3173,365,3820,238,0,1032,2714,300,1746,6648,346,440,4104,7288,7074,238,4262,4188,2430,1498,731,2562,332,1945,2430,3902,380,2204,1609,187,83,70,378,3765,3905,344,323,714,212,4333,3336,4819,280,123,3038,430,2113,400,394,1390,3284,26,1653,173,328,6029,473,6061,3963,315,2019,36,2441,2460,4052,645,97,408,168,282,3203,2331,65,3638,166,1606,517,492,4098,145,356,489,64,378,950,1647,4328,135,2227,2565,250,1765,2739,2639,4972,4650,2853,2377,3107,344,149,472,92,100,198,575,3058,3107,932,205,203,2634,1351,122,1521,403,651,377,256,2279,701,1345,3935,4590,3383,1829,2703,40,1697,305,240,112,472,2067,163,196,1445,469,3712,273,3749,497,3881,884,1445,207,1141,3691,2420,546,2523,2899,371,2785,3493,364,5148,316,542,4447,226,672,3234,170,370,3143,1764,87,518,561,2857,2031,1679,4292,171,136,131,160,337,2463,4060,253,2964,3933,291,219,3744,261,2003,233,652,3268,2997,364,6327,364,4241,3809,912,1778,86,336,48,1204,762,2487,5149,63,2992,523,1400,1459,3646,1861,266,1166,873,2503,366,3765,1294,4369,656,3847,1818,1913,2344,406,407,200,6891,2839,443,3938,256,655,1511,356,3447,3815,788,79,5197,3729,2496,3685,1066,3573,339,1614,469,2861,4375,399,2063,421,419,2572,514,242,66,2717,3119,5063,3590,533,2232,3524,517,246,2035,163,743,806,2725,89,2588,669,227,3426,196,2279,1615,622,3452,55,139,276,2730,478,1731,292,1025,197,191,5355,325,672,82,275,225,2303,2439,4153,1165,313,3422,3108,2927,7127,358,150,1547,1441,2218,2432,93,327,1021,8009,2138,261,4458,569,431,569,4014,330,3313,727,280,136,2519,2655,2714,445,491,1950,188,506,196,326,5537,474,2245,2261,135,3308,548,3838,1972,378,3555,2768,347,9095,7382,2365,1996,292,1365,2602,480,169,99,709,1499,330,144,366,669,2033,3594,4015,104,3952,513,5373,371,717,423,359,480,214,341,420,498,1708,2337,3647,0,2930,276,235,2538,149,250,144,3043,1050,3671,4848,2961,4536,2391,3390,3779,1837,1897,392,7959,3373,1456,647,7855,165,1386,4721,4708,288,5072,595,797,202,697,2820,483,3305,336,4991,3446,3878,434,249,3235,207,4443,365,423,1162,0,196,3197,4327,988,2133,5860,2923,2339,269,2509,2319,512,515,5709,2411,1221,4259,4554,286,340,877,397,4886,488,119,1814,127,2132,607,453,136,519,474,10261,787,2932,493,599,3475,5353,303,541,435,52,1632,4093,2316,2539,485,128,2911,3294,3035,2145,563,150,54,2896,2485,140,1840,61,417,112,297,2792,246,396,446,75,1801,267,111,2523,3297,1811,1488,2677,185,289,401,1782,1624,226,499,138,2386,187,3410,350,349,2513,3264,198,752,3318,4428,4413,2042,2620,3962,72,504,1193,2350,11029,2550,406,327,399,2308,0,244,269,2802,2269,1095,4677,56,2186,1949,876,3646,227,2453
12_PTPN11,192,160,4345,2146,70,153,430,2487,2392,3314,1742,269,328,738,1373,1043,1519,339,192,235,10637,2986,317,4030,267,206,373,2380,1511,669,2104,1306,301,1890,2074,305,2574,196,227,248,392,1550,544,213,2164,1463,0,239,2790,396,2114,230,790,272,1915,454,3316,933,296,4062,443,157,368,2265,321,334,244,1221,2675,481,3083,1571,6655,34,3815,689,386,360,1425,2704,1777,1994,1692,340,118,1905,234,3569,4507,2933,914,3888,292,2401,2479,1369,202,2067,206,441,228,1146,2087,120,2813,189,932,176,1808,1800,339,4254,222,232,2551,1893,909,936,707,1627,2380,258,1105,1712,1289,1619,1055,1575,196,268,420,379,560,9911,1910,1641,3070,4066,3945,319,531,651,225,891,335,209,6116,327,3404,1418,278,831,775,2327,260,2656,2655,259,2599,285,1134,998,2517,254,1690,6294,229,325,2624,4709,4900,475,3240,2751,1843,1759,639,3659,449,1649,1856,4054,333,1936,1510,324,170,182,947,2442,4677,267,239,753,297,956,3149,3030,180,379,2143,207,1707,302,185,1687,2315,266,2201,114,213,5530,1151,6579,3087,266,2274,194,1299,1872,2500,569,184,370,537,339,4741,2558,588,2845,185,1643,1310,265,2199,512,217,1271,52,500,3205,1765,4625,121,1852,2072,187,3073,2412,1744,3730,2841,1898,1026,1729,225,294,518,177,89,118,502,2448,4617,2023,678,310,1963,1967,258,2821,440,516,221,335,2314,628,578,4153,4518,2269,2370,2712,104,2069,477,274,224,279,2546,185,141,946,385,2809,254,3568,447,2733,676,2718,284,1128,2742,2482,492,1690,2712,823,1886,7282,318,6381,192,492,1471,233,490,2052,446,185,2968,3707,391,723,452,907,1174,1528,3093,158,666,284,361,311,2827,4069,286,1788,2903,707,260,3331,247,1167,263,780,2526,1387,180,6523,1090,2108,3226,1716,2383,311,292,113,1412,681,2513,4187,0,2408,1045,1222,1691,2585,1852,140,1661,1039,2552,306,4391,1196,3440,841,2720,896,2491,3108,236,375,273,3276,1941,688,3426,253,323,2552,224,1533,3109,899,183,3789,2327,1499,1212,1167,1549,366,2584,313,1753,4662,867,2379,277,300,1779,630,744,144,3817,2359,5409,2882,421,2812,2623,434,150,1620,119,1239,1522,3423,40,2270,1222,221,2358,232,2530,938,555,2330,330,153,309,1837,298,2697,175,1291,221,160,3505,162,306,230,208,110,3814,2204,2780,1519,319,2248,2310,1779,5506,268,485,2133,2110,1517,2012,113,161,752,8932,1399,184,5015,811,280,525,3640,291,2376,1185,314,288,3095,1368,1756,881,944,1490,113,537,252,213,4033,342,1395,1468,127,2225,473,2975,1502,376,2162,1370,352,11911,5206,1809,1957,272,816,3125,256,379,241,1219,1701,452,331,194,442,1235,2288,3369,332,2923,483,4412,233,295,360,353,381,331,77,375,333,1463,2757,2295,255,3015,280,77,1828,277,305,231,2941,1926,1676,3780,2035,3313,1417,3344,2138,1157,2454,241,6434,3094,2445,603,5936,139,2992,2672,4538,155,3894,775,803,280,1013,1967,325,4745,305,3583,2922,3672,389,540,2791,232,6025,494,414,2472,0,321,3122,4375,2379,2224,5026,2142,2459,287,2999,1909,856,182,5042,1301,1965,2854,2925,385,146,712,376,3252,364,143,1658,234,2750,1436,458,375,636,342,9649,452,2764,404,399,2767,4549,205,662,333,103,2053,3151,2104,2251,338,533,2307,2921,1726,1828,644,478,159,2002,1589,215,2208,266,1320,245,370,2303,178,254,333,265,1898,167,137,2296,1547,1589,867,1952,261,281,325,1649,2617,153,2020,305,2664,249,2885,439,295,2913,2135,185,712,3355,3504,3341,1585,2553,3481,289,441,1526,2356,9057,1868,383,242,350,1802,0,161,312,2487,1306,1426,4815,107,1720,2394,772,2885,188,3154
13_FLT3,561,529,12613,4988,624,500,1627,6224,8517,8534,3905,681,686,2186,7802,1676,4202,1209,413,818,25972,10440,770,10305,1025,744,1113,9128,4016,2189,5543,6482,822,5559,5769,698,7824,942,537,1685,1069,6613,1155,837,6453,4094,5175,1359,8916,1661,9977,4540,3607,850,7418,1371,10595,2819,938,11231,1708,538,1033,6889,1174,926,737,3644,8907,810,6049,4486,23064,525,11767,4979,1035,916,4779,8131,5005,5978,4026,895,1688,7993,719,16613,9323,8011,3023,9780,802,8222,7019,3935,515,7389,987,1136,630,6012,6647,523,6360,482,6237,940,4527,8095,927,11554,858,788,9442,8186,2481,3193,3451,2956,8177,748,3293,4731,4675,4974,3925,3477,677,1359,1211,1610,1392,22341,6177,3974,8323,6344,13534,838,1226,1491,388,4919,1031,1040,13706,886,11562,3036,687,5145,2988,8128,621,8489,7866,926,7595,496,2863,4614,7698,738,12443,16109,721,913,8860,14328,15095,1579,8754,7400,4749,6783,1717,11317,1098,6745,5360,10883,915,6074,6270,645,600,712,2148,9378,14810,730,657,2989,1403,3596,8285,8693,770,608,7041,779,6001,711,716,4326,6392,490,6155,2060,701,15646,3037,18939,6669,533,6462,837,5014,4378,6469,1302,943,1072,3565,606,10581,6446,1409,7782,651,2460,3880,759,7637,2148,738,5852,394,1373,6724,3896,11229,2010,8962,5421,471,14029,6539,4738,9219,7385,4843,5512,5668,648,848,848,521,439,503,2778,6805,11338,5927,2084,730,9896,5724,518,12288,1430,1272,710,875,4139,1701,3767,12759,10754,3435,7051,7746,552,7610,3406,1040,566,938,7648,411,428,4336,1031,9738,889,12372,1028,9004,2249,8002,721,3532,9598,7238,1770,4203,7612,2427,5429,17851,1000,13801,568,1645,9253,682,1201,8282,1925,1349,7504,12371,1912,1928,1317,4850,3292,3979,8338,546,7345,1981,821,719,7302,10549,858,5520,6650,2725,912,8139,742,3609,981,1431,6839,4451,798,17192,3332,8063,9904,4586,3924,667,323,612,5232,1849,7547,11880,440,5234,3741,892,6779,7515,8023,502,2741,3231,6199,937,10275,3081,9961,3552,7055,2812,11075,10433,782,3663,772,10448,5705,2352,8444,941,1120,8525,613,8391,8139,2419,645,11592,4780,4973,4058,5158,6391,921,6757,1145,4407,10870,3521,7481,848,893,5730,1791,1799,530,12020,7024,13467,6126,1314,6701,5936,1093,805,7408,431,5653,10037,9704,360,6236,5801,738,6670,858,5038,2914,1669,6767,677,665,757,9410,795,7811,327,5895,999,484,9272,676,1123,555,621,794,12114,6142,9161,9578,1035,9250,7514,5489,20605,675,1644,5714,4800,3757,5576,756,637,2982,22903,4273,604,14563,1903,995,1615,11331,2076,6086,4592,892,785,4299,5580,5666,2320,4243,5191,595,1517,1618,571,11389,4731,6048,4813,446,6339,3026,7529,5861,1056,5991,5154,896,31845,13043,5532,4767,945,5884,9156,1068,1205,538,5123,6356,920,1189,936,4695,3761,6761,6831,1245,10813,2075,12128,641,4569,900,1645,1035,1069,731,912,934,5979,7826,7188,469,8416,846,2277,4029,973,857,720,6516,6547,8149,16960,5625,9468,4581,14120,8422,8508,9116,541,18401,8653,5845,1560,19031,870,9338,14004,11621,587,10753,1932,1884,786,2582,5399,1126,14575,924,8584,5874,8475,1208,4020,7549,688,13994,1233,965,5665,0,563,8967,10789,5451,5652,14268,6083,6094,955,8152,7995,2262,1198,13114,6090,5230,9344,8043,6416,668,1696,903,8946,947,548,4489,652,12076,6254,3431,1456,1425,774,21214,1548,12347,1175,1119,8030,11999,736,3389,641,1226,5078,9026,6990,6222,726,2727,5827,9349,10105,4933,1771,3084,752,4889,5091,485,7633,662,8127,987,994,6446,443,757,1183,827,7323,447,516,7821,4898,6564,3510,7280,871,745,850,4048,6166,481,3514,595,7069,589,9536,952,1110,8359,11302,544,1886,8387,7793,7151,3480,8794,15903,1072,1160,7913,7237,21619,5239,1005,444,2200,4150,789,485,586,6964,4104,4453,14644,259,6046,5692,4634,8537,449,4536
14_chr14,68,49,1860,889,40,45,245,880,999,1292,835,94,115,245,193,353,424,88,40,50,3517,3548,157,1338,128,139,186,611,424,309,884,204,117,607,930,148,1063,90,114,54,167,719,200,80,680,545,1051,204,1524,105,582,61,319,69,595,189,1058,405,120,1322,129,40,85,905,143,91,151,231,567,102,726,620,1906,66,1025,412,221,117,785,367,595,851,477,0,200,547,103,2710,1218,1072,26,1475,77,940,1049,285,52,549,172,173,53,964,1072,97,813,50,786,50,541,1289,118,1578,37,85,753,371,289,195,285,260,283,71,1602,831,1799,370,845,330,50,93,164,152,181,2661,441,559,1036,442,936,149,78,196,40,305,131,76,2143,92,1657,515,141,236,158,863,130,867,1164,101,1168,84,584,241,348,125,824,2267,49,122,1180,2388,1720,121,1483,1308,576,692,199,1406,118,733,593,1414,118,929,844,118,8,82,219,1363,1503,105,111,466,53,218,1206,1284,93,119,894,102,908,142,122,745,1003,7,765,144,66,2307,571,1963,1162,40,536,142,1015,792,1205,253,2,135,521,139,1333,1172,96,1175,48,1093,125,137,717,22,118,471,45,126,568,1067,1280,204,948,589,72,945,844,759,1525,996,872,724,812,59,52,101,52,46,86,123,883,1190,628,91,139,1085,615,14,4907,202,177,93,117,1012,272,488,1486,1547,943,1029,1528,62,1404,118,156,102,121,1443,82,40,431,175,1450,135,1571,122,1136,296,1125,56,359,468,833,103,610,1373,139,832,1196,150,1432,94,196,1449,89,150,435,72,91,1197,1085,81,231,166,795,522,590,880,67,56,0,50,118,914,964,70,708,1125,87,137,1165,83,653,43,174,819,697,28,3591,426,762,772,545,743,97,84,28,630,246,1073,1208,77,1044,207,22,888,1491,1114,106,450,415,575,90,1574,467,1724,462,710,488,621,1138,131,261,58,1192,731,263,1276,63,180,594,78,789,1110,353,55,1947,1104,809,1232,560,1071,112,996,137,691,1298,190,646,114,168,877,247,143,82,1397,1030,1591,721,142,630,541,153,68,291,38,427,1826,1315,128,8,307,40,880,71,1116,414,224,1076,104,47,96,992,124,1346,4,491,81,45,1053,70,72,33,102,52,950,515,1068,1065,143,935,1093,823,2990,145,175,512,597,541,774,119,180,234,3107,712,110,1686,256,82,205,619,109,863,163,42,78,555,951,599,192,200,349,70,156,113,107,1413,558,273,495,53,982,477,502,519,157,1016,608,146,3611,2211,782,462,36,537,951,103,85,29,486,757,179,80,78,76,601,786,1255,67,1093,168,1933,82,404,131,228,151,126,119,204,184,354,184,927,0,1204,88,235,599,43,50,82,472,539,1308,1508,701,1315,615,1383,965,878,1667,108,2505,946,213,150,2233,46,562,1701,1658,100,1656,276,264,112,289,745,150,1632,134,1271,1130,1301,129,117,916,94,2890,92,184,736,811,35,1087,1681,710,718,2385,968,56,157,1351,857,125,96,1579,607,445,1292,1262,596,90,299,66,1169,112,76,434,70,942,245,256,105,176,130,3430,250,648,140,190,681,1884,106,386,170,80,604,1259,861,555,92,61,924,1261,1111,505,122,100,38,553,844,82,1881,31,86,73,88,1395,44,66,148,170,726,31,53,1189,875,376,521,1028,109,115,147,546,142,40,572,108,993,100,1174,93,99,862,1373,80,180,1704,1273,1283,661,342,1656,24,132,567,814,3947,702,60,94,126,226,133,30,84,1471,537,554,1377,15,446,668,477,988,58,1058
15_IDH2,62,59,2331,963,37,92,283,1245,1468,1306,786,96,113,414,593,299,801,235,113,198,5229,2094,214,2098,123,138,250,1579,579,405,450,948,183,953,981,186,1697,59,77,126,221,1033,278,119,1359,873,890,257,1712,137,1489,124,484,140,1050,234,1721,490,157,2200,244,43,280,1372,296,146,89,975,2747,257,1924,970,4046,35,1743,426,159,195,714,1706,1041,1476,629,158,103,1055,200,2234,2093,1197,714,1757,195,1572,1077,611,82,510,143,194,116,648,1442,74,1106,94,1066,56,891,1577,209,2647,168,133,1801,615,449,357,362,862,1024,137,799,1219,2422,1087,425,769,86,122,231,384,304,4465,996,1732,1556,1340,2330,209,239,254,153,427,220,172,2938,60,772,906,156,852,297,1892,141,1283,1798,167,2218,157,0,742,2106,137,1151,3234,120,194,1329,2359,2335,357,1680,1872,1030,1604,337,1837,249,751,829,2178,217,1179,1472,154,91,132,297,1883,2637,198,104,466,97,170,1505,1769,183,214,1687,112,1083,132,57,1247,1184,104,1362,189,78,3339,1024,3166,1404,228,1506,130,874,1078,1504,291,162,231,570,160,1003,701,41,1410,141,464,743,148,2261,521,128,2064,78,285,1689,1281,2110,165,923,1237,91,8923,1339,756,1640,1668,732,1639,454,150,289,244,68,65,172,312,1047,3215,482,287,145,2212,1110,153,4893,341,243,197,231,1736,328,878,1431,2080,1339,1086,1090,53,1667,358,227,168,225,917,114,142,981,228,882,181,1981,156,1711,355,1795,139,485,1285,752,268,898,316,316,1073,9703,188,3356,133,395,1743,211,270,2345,215,150,1652,1696,180,202,229,1124,645,614,1680,56,275,65,813,154,1741,4750,210,1109,1559,509,137,1632,160,901,294,390,1246,867,104,3133,1515,2397,1104,719,1386,161,66,300,858,129,1925,2100,66,1343,439,212,1052,1508,1738,100,607,438,1282,132,2442,603,1821,598,1459,561,1543,1705,133,300,122,2279,506,8,1874,214,191,1563,161,1577,2482,482,112,2379,1015,1284,1682,756,1449,155,1355,225,1052,2991,488,1762,214,198,1341,228,816,72,2064,1470,2972,1151,223,1250,943,215,148,1072,88,173,3249,837,80,1425,653,151,1515,152,1566,429,302,1566,74,70,182,1825,94,1223,0,760,113,86,2123,164,222,72,127,125,2184,1279,1818,1536,158,1856,1800,1080,3519,116,266,1340,1242,824,1048,108,66,446,4723,863,79,2230,344,77,322,1672,213,947,676,248,144,1598,1354,835,196,97,1078,132,250,133,119,1811,237,651,911,198,1330,278,1784,906,193,1180,35,231,6020,2946,1453,1339,173,681,1828,260,237,80,932,883,171,117,174,2161,534,1403,1609,87,2195,312,2475,132,476,78,286,184,168,194,210,180,1293,1491,1541,99,1641,249,160,1208,153,22,100,1358,1012,1878,3148,657,1281,924,2542,1582,1109,1640,123,3638,1373,1203,325,3175,125,341,2460,2454,118,1714,407,617,197,475,1187,210,2712,148,1661,835,1971,279,202,1628,183,2816,192,199,1498,993,159,1802,1763,1488,1256,2548,1209,915,189,1328,1756,386,169,2443,701,1376,2370,1775,400,167,362,193,2048,221,133,855,101,1355,919,359,288,250,203,4813,306,1439,203,214,2520,2384,102,510,141,42,1159,1316,1599,1359,149,2108,1392,553,1961,1365,314,198,60,304,1006,162,1172,70,474,156,581,276,126,224,187,143,772,65,121,704,1085,653,714,389,168,147,147,987,1830,69,677,162,1063,73,1721,248,189,2243,1860,79,369,1783,1662,1816,971,1075,2320,310,282,548,1475,4269,1026,209,130,331,1016,0,125,172,1432,1025,919,2727,200,1188,1215,594,1769,104,1669
16_chr16,34,36,1881,1301,24,32,220,1246,705,1109,379,70,126,187,453,229,499,232,30,113,3786,575,163,2581,202,157,285,1460,648,281,660,415,181,1475,292,114,1643,107,99,39,275,1408,228,71,724,487,1098,165,1476,47,342,32,158,145,582,311,1050,453,97,1036,81,32,84,643,73,84,204,270,398,161,1523,472,2492,14,972,350,180,93,566,1357,878,1072,203,209,41,865,112,1164,2191,976,325,3140,142,1522,1924,228,98,541,104,209,61,1201,889,89,1154,103,707,26,821,757,176,2107,84,176,2303,1235,563,777,199,456,1124,191,1700,923,119,184,241,293,41,65,213,286,202,1695,1063,714,1924,1046,2916,86,78,165,28,271,257,126,2258,156,1270,716,113,583,111,803,155,997,1644,139,1714,79,0,328,679,217,798,2285,151,199,1753,2774,2314,70,1526,1593,1073,540,344,1324,60,876,917,1153,108,1284,282,240,41,74,94,2621,1631,137,148,162,49,235,1245,1718,104,30,1071,200,805,168,138,790,1275,36,619,98,111,2469,118,3871,1626,45,808,84,687,1170,1436,274,119,237,41,167,992,1920,69,1702,62,284,123,148,1813,42,159,373,23,119,523,448,1321,110,995,1258,106,1321,1231,1115,1796,1872,1222,1079,1471,178,42,170,50,23,99,78,746,1102,596,965,111,1172,373,66,413,187,341,134,150,1401,222,441,1049,1336,1306,734,1086,14,622,159,93,74,168,562,76,57,586,164,2617,130,1012,135,2027,339,1205,85,631,1388,706,126,988,877,81,1463,1962,179,1731,110,178,1470,71,188,1598,39,83,1264,1515,441,152,220,982,697,670,1352,45,46,64,67,123,877,1097,60,1037,1167,107,122,1168,72,807,30,221,953,1030,203,1568,138,1715,1657,367,651,140,117,29,905,195,1385,2218,34,1247,159,86,1647,1972,1474,119,833,130,868,80,2098,485,1827,287,1818,730,2524,852,129,174,99,2454,1259,69,1365,106,181,631,155,1356,1266,254,42,2116,1433,1116,0,587,1571,248,1829,165,955,812,84,1241,155,118,1308,193,86,10,1739,1193,2384,1080,129,198,1137,289,137,378,54,610,366,1310,17,1565,446,81,1455,106,1507,754,283,1406,133,72,217,1191,127,217,164,581,142,159,1888,139,234,36,94,68,653,992,1304,1036,153,1488,1075,842,3225,127,49,618,417,825,1206,19,61,319,2403,768,120,1440,186,175,377,908,75,1377,81,119,40,1005,1009,832,94,72,704,90,312,44,130,2431,231,876,1071,40,1499,323,685,558,165,1561,771,189,3424,2654,1327,1039,110,411,1734,208,61,53,508,916,166,80,124,168,894,1422,2079,51,1226,223,2174,146,243,181,120,131,103,172,153,178,713,870,886,161,1255,106,190,1070,56,144,80,1444,556,1342,1748,937,1634,681,746,1101,779,1131,165,3030,1211,416,222,4157,81,1498,2353,2468,127,1884,172,223,127,226,1436,126,1029,86,1620,1511,942,125,100,1607,52,1285,91,139,256,305,53,1170,1922,451,2067,1727,841,998,216,1790,1169,155,198,2179,650,1762,1512,2022,297,91,343,106,1486,155,27,727,41,1036,325,66,62,247,190,3664,381,943,205,205,1512,1970,86,218,185,44,465,1574,1300,840,151,70,889,1613,1236,621,172,77,68,1137,1348,71,1074,27,447,141,75,1181,151,116,156,118,555,72,169,1182,1388,541,646,1196,49,120,178,1028,775,105,653,106,870,79,1303,257,107,1071,1149,33,272,1071,1269,1219,680,1177,1381,36,197,1503,801,5855,1035,160,130,128,994,227,97,92,1035,941,287,1687,21,287,673,232,1257,119,785
17_TP53,218,289,5736,2882,834,260,678,2719,2437,4023,2293,343,845,1114,4711,743,2027,493,314,372,11436,6810,370,4448,448,361,592,4212,3511,1068,3713,2680,333,3128,3047,373,3482,334,286,1479,534,2967,671,301,2933,2401,1524,1169,4247,1572,5137,1194,2836,303,4235,534,5434,1637,376,5468,980,277,677,4460,625,652,410,3015,5456,746,4161,1212,9727,348,4815,2295,491,410,2132,6841,2253,3151,2519,409,1610,3266,447,4357,6339,3276,1370,5377,443,3302,3206,1908,277,5736,260,489,300,3018,3819,272,3223,279,3499,399,2265,4352,483,5914,282,367,2875,5647,1090,1207,2706,2091,4084,384,2991,2752,4497,2426,3117,2137,473,1418,434,366,959,16852,2629,0,3674,6297,6477,426,688,837,499,2459,298,646,7186,577,6303,1978,366,2984,4292,4552,345,4586,3804,376,4020,162,0,4401,4173,287,6005,8444,329,497,3658,6415,7236,1053,4465,4206,2336,3511,763,5469,683,2963,3004,6813,691,2645,3740,610,270,206,993,4384,10534,323,356,2021,1638,3726,5342,4245,416,650,1731,326,2987,416,473,2399,2859,661,5257,465,314,8371,1630,9309,3825,408,3438,409,2596,2412,3183,672,692,564,5056,474,4401,3236,1070,3719,204,2196,3578,426,3938,2849,257,2441,333,646,10846,4360,6092,708,4348,2963,226,11958,3799,2564,4405,3517,2472,2967,2788,402,487,392,199,255,406,2043,3105,6791,3274,1347,391,5100,3081,541,5608,1126,473,387,540,3133,883,1924,6485,5245,2869,3241,3712,231,3439,2002,465,246,392,4783,180,234,2495,482,4848,389,5127,587,4157,1040,3349,309,1780,2682,4020,864,2155,3864,1635,2699,13557,463,10301,281,675,4570,238,600,4487,1859,505,4643,16040,1392,843,596,2446,1643,2056,3473,194,1467,1514,689,306,1873,5763,234,2520,3137,1512,352,5839,337,2062,632,828,3048,2342,363,11300,2862,4616,4364,2267,3309,374,353,377,1502,957,3976,6416,264,3682,4850,1262,3405,3904,4415,207,0,3420,4301,404,5956,1630,4893,2475,3280,1450,3892,5777,496,2028,399,4876,2697,1637,3673,664,516,7005,406,3403,4010,1217,497,6343,3301,3271,2470,2645,2958,480,3769,506,2552,6758,2916,2973,442,449,3104,947,2550,214,7818,3280,9347,3441,763,3000,2964,497,408,5448,209,2199,7885,3961,368,2675,3548,307,3856,345,3581,1619,809,3297,319,245,392,3756,322,3634,210,2465,392,256,5175,270,575,437,271,245,9897,3475,5422,4685,431,5559,3511,2618,9719,327,1173,3763,2763,1872,3024,368,378,1835,12798,2651,327,6469,1032,550,692,6448,1914,3250,2945,418,438,4223,2852,2553,1303,1648,2122,357,716,1240,274,5075,1790,3552,1749,237,3379,1895,3707,3608,533,3440,2468,382,18604,7613,2693,2735,353,2583,3487,484,670,221,4449,2925,581,609,357,6013,1681,2892,3962,846,4400,577,6289,347,1351,406,1026,451,703,523,409,548,2794,4228,3445,443,3236,581,1307,2599,726,645,347,3138,3617,3090,8179,2839,4829,1990,6497,3784,4983,3898,341,8834,4087,4998,564,8413,350,4759,9532,5800,291,5108,1089,1086,228,1377,2782,510,10994,541,4171,3902,5055,615,2904,2973,376,7551,493,490,2829,2915,423,4539,5180,3863,2226,6021,2722,3103,398,3615,3843,1084,444,5947,3106,2943,4664,3916,2977,192,676,495,3958,448,315,2378,359,4553,2852,1273,1037,682,446,11106,738,8989,531,559,4759,6235,293,2276,261,679,2242,4357,3262,3310,379,2549,3243,4318,7192,2794,1009,2204,334,2224,2460,328,3626,397,5239,467,2344,3293,283,382,567,195,2816,226,231,0,2589,2440,1513,3615,529,274,414,2361,1746,209,0,423,3935,293,4697,407,484,4323,4620,205,784,4549,3963,4402,2389,3755,5718,551,656,2306,2688,10650,2225,482,274,2608,2096,707,200,338,3088,1949,2398,7486,671,4042,2657,1971,4029,333,3969
17_SRSF2,6,4,205,97,0,36,32,124,29,146,4,0,9,24,6,122,34,25,6,12,1021,34,29,448,36,13,14,72,6,20,74,86,6,153,57,20,313,6,3,0,65,177,49,11,80,29,10,54,266,4,28,5,40,10,62,38,66,39,15,74,12,0,0,43,12,0,4,2,6,22,166,26,279,5,66,51,24,34,31,108,168,101,6,2,14,16,28,74,202,354,8,192,4,44,321,4,0,44,6,15,10,244,42,8,10,30,84,4,179,9,8,237,0,72,49,14,20,10,4,8,8,8,6,183,6,10,0,2,2,6,6,20,15,42,105,84,89,123,184,16,4,14,4,40,7,4,249,0,74,8,14,65,22,82,31,118,212,2,296,2,4,0,29,44,27,165,17,22,137,380,184,0,269,139,83,37,6,66,7,34,73,166,23,20,25,2,6,0,22,73,120,12,10,0,14,2,248,122,8,6,20,24,70,8,9,24,128,2,48,2,4,306,4,105,169,12,79,9,186,177,450,20,6,20,0,32,62,181,2,347,10,16,8,16,42,24,30,65,4,2,8,18,131,0,157,159,34,71,48,123,151,77,67,126,125,6,0,10,6,0,0,4,209,220,22,0,8,51,36,0,34,10,47,6,6,296,24,46,62,104,151,57,34,2,22,27,6,7,59,62,4,2,6,24,120,40,32,2,100,35,64,12,42,93,61,0,74,186,0,150,31,6,28,0,9,332,0,6,153,4,7,122,40,10,19,33,58,124,152,83,0,8,5,2,12,32,117,8,117,66,0,22,56,2,29,2,0,101,140,4,96,4,18,132,10,12,2,0,0,54,54,49,169,10,156,8,0,16,106,58,20,104,20,194,4,462,148,18,0,363,120,95,94,21,26,4,277,370,0,80,13,32,25,12,98,194,34,10,493,189,203,157,35,422,0,20,16,129,41,20,59,18,10,140,10,0,0,66,55,82,297,30,98,128,54,46,83,4,16,10,97,0,308,25,12,182,21,117,108,10,138,0,0,20,93,10,16,26,28,14,6,72,28,50,2,6,0,66,48,101,228,0,151,157,135,384,6,4,24,26,79,277,2,2,17,106,101,4,134,10,16,111,38,10,147,4,16,0,40,126,151,8,0,32,12,12,6,0,325,68,99,54,16,111,47,18,74,8,87,63,40,250,352,104,28,26,18,48,17,0,0,8,30,24,0,30,14,33,181,339,2,254,4,381,6,6,16,10,10,6,36,6,10,43,54,58,12,67,19,0,184,14,8,0,14,46,103,179,160,187,0,165,203,91,208,24,354,143,41,20,561,17,74,570,188,14,48,10,8,10,13,223,20,80,16,217,246,94,14,8,183,0,9,0,6,0,1,2,322,24,38,17,323,54,89,16,79,163,12,23,277,72,2,24,239,38,0,43,20,49,4,6,20,2,87,6,12,10,23,26,222,46,54,42,10,262,335,12,28,39,11,10,64,293,77,14,4,128,36,282,45,24,6,2,114,261,2,8,0,4,10,2,249,54,10,26,6,178,0,10,51,130,109,48,28,4,6,12,41,4,4,0,0,219,2,75,24,6,70,97,2,10,62,148,140,70,169,147,2,16,14,179,542,172,12,2,0,32,22,8,2,46,234,26,151,0,24,18,20,69,12,158
18_chr18,58,68,1803,972,32,95,179,1014,1050,1428,518,92,162,276,248,409,651,179,103,99,4817,1170,165,1631,141,107,197,787,328,350,940,506,102,1089,601,134,1207,34,26,82,172,791,266,103,1061,448,1160,198,1281,87,678,57,133,119,942,185,1207,429,108,1327,170,49,92,839,112,116,52,310,641,305,1411,657,2351,14,1053,326,166,123,361,885,878,1143,369,172,23,1012,109,1016,1874,1465,408,1693,144,1215,953,233,43,784,87,140,53,1094,1126,83,922,110,676,41,736,559,127,1541,48,129,1406,383,290,265,227,617,498,118,206,959,126,510,422,384,104,74,181,146,176,2705,938,1687,1351,975,1755,126,94,187,67,273,174,129,2489,140,668,718,101,323,154,900,66,1264,1125,123,1255,29,454,305,917,76,609,2396,89,108,1145,2386,1888,241,1332,1216,520,506,203,1347,137,435,809,1255,170,734,598,129,22,38,336,1246,2037,155,113,284,83,285,1399,1455,142,80,915,91,830,72,106,662,1039,27,860,69,132,2309,253,2190,1413,63,652,83,690,811,1396,195,12,137,52,165,1372,975,164,1447,75,450,151,124,1433,135,138,568,35,163,601,772,991,37,877,1386,85,1087,1295,863,1217,945,571,575,1100,108,98,103,38,27,142,219,1043,2316,553,132,108,770,638,75,997,232,189,151,87,1099,260,279,1690,1656,795,1028,703,36,555,135,139,100,124,1024,54,85,716,149,513,105,1034,83,1533,256,1071,95,523,1398,855,122,844,1477,290,682,1805,151,2293,105,184,1378,49,203,1270,60,97,995,1135,107,261,219,641,555,524,1255,56,73,132,90,75,959,1157,100,883,1121,98,69,1211,113,675,29,207,853,804,88,2322,196,1308,1116,336,721,113,112,29,687,119,1187,1166,89,1295,262,0,886,1075,1154,70,561,255,1097,57,1796,481,1547,472,1129,637,855,1154,85,135,87,2428,1010,300,1306,69,157,291,129,870,1108,421,48,1718,371,838,970,349,1229,106,420,143,563,1043,186,1037,110,129,1128,182,198,7,557,999,1990,855,157,842,1103,208,102,615,74,52,326,1211,100,1085,386,41,1098,55,1196,589,179,1039,129,27,95,806,135,529,35,453,63,90,1409,133,172,35,115,83,690,1008,1194,877,99,1184,804,947,1247,94,140,637,329,573,842,18,30,333,2759,802,117,1890,262,175,255,1333,76,994,242,88,44,906,900,509,171,202,727,136,212,46,72,1537,214,659,528,72,1058,308,803,376,88,973,822,139,3949,2377,710,108,102,720,800,196,100,51,361,832,170,94,107,59,439,1250,1364,42,1243,207,2054,110,375,152,176,155,103,121,136,84,653,706,923,145,713,100,60,908,92,88,59,1108,565,1203,1723,964,1503,504,1384,1062,509,873,148,2745,1304,436,203,2212,38,1071,1161,1810,140,1780,263,233,132,335,937,92,1667,108,1411,1093,1217,120,177,1086,53,1263,131,145,524,0,107,2052,1449,437,1054,1369,943,880,105,1027,1091,195,73,1892,781,437,1312,1292,218,58,279,150,1071,114,68,759,40,908,212,181,98,240,180,3436,256,411,171,162,1364,1787,116,131,125,50,601,1147,855,902,135,109,964,987,949,400,259,92,57,901,1041,80,893,54,281,81,106,910,92,143,162,117,1026,49,77,746,631,241,443,839,83,83,139,632,362,76,537,14,1017,91,1435,149,81,1008,1179,30,182,970,1477,1355,794,598,1613,41,120,718,1016,3577,472,103,98,77,724,159,48,115,907,776,582,2133,34,803,461,225,1395,124,1470
20_ASXL1,215,207,3942,2204,506,175,400,1521,2343,3104,1500,229,465,723,2393,700,1234,343,51,246,9354,3712,280,3281,291,263,373,2891,1359,753,2126,2178,279,2239,1641,219,1881,236,152,201,283,2564,449,210,1518,1799,1028,498,3076,539,2395,358,862,282,2650,379,2793,1211,252,3656,564,118,344,1341,307,260,135,708,1764,407,2570,1395,8377,256,2683,2192,281,175,1309,2877,1566,2196,969,284,748,2382,211,2893,3473,2956,919,3617,276,2344,2278,695,193,2153,233,366,179,1697,3489,175,2109,172,1815,163,1626,1987,243,4137,170,336,2351,1534,812,765,996,1289,1895,232,722,1146,1296,1452,1310,1339,240,785,202,423,430,7430,2496,1832,2363,2887,2594,132,397,396,227,1226,325,104,4613,369,3403,1250,299,1807,1042,1699,288,3085,2226,434,1378,154,0,1017,2779,278,5317,4948,206,243,2701,3610,4492,818,2857,2844,1603,1444,545,3515,342,2199,1213,3590,479,2038,2285,307,151,188,794,2921,4758,84,194,1684,479,1053,2695,2526,297,377,2005,141,1663,246,284,1479,2167,278,2857,724,142,6328,822,4961,2750,354,1844,154,1689,1117,1812,497,200,254,224,304,3849,2047,520,2738,136,1466,585,208,1957,380,233,2502,356,286,3390,2268,3603,933,2344,2577,180,6451,2321,1719,3644,2447,1798,1858,1358,232,275,265,187,151,290,690,980,3658,2195,620,255,2397,1255,292,2093,537,339,340,198,1993,536,1069,5042,3621,1825,1661,2006,112,2393,1140,358,141,265,2032,147,136,1110,329,2699,337,3088,329,2811,613,2233,276,1189,2728,2151,425,1488,2088,758,1551,6353,382,5746,125,420,2492,195,305,2481,457,101,3042,4250,499,631,403,1066,1115,1399,1982,129,508,662,240,215,1877,3579,329,2105,1977,710,210,2848,150,1199,207,537,2259,1513,233,5805,908,2711,1896,1614,187,96,192,130,1792,605,2087,4920,97,1696,1332,672,2793,3261,2127,140,1064,1007,2046,86,3208,1242,2975,1575,1996,1209,2055,3208,194,1391,265,5547,1166,758,1520,369,357,2254,258,1031,2728,967,228,4160,1776,1331,1406,1731,2292,313,2401,328,1498,3808,1067,2188,201,285,1788,557,469,84,3193,1976,5554,2167,449,2803,2403,284,264,3070,165,1641,1246,3422,131,2004,2479,189,1734,276,2146,986,443,2144,156,196,222,2643,255,1971,174,1553,292,176,3273,187,359,133,179,218,3695,1765,2786,2188,235,2297,2193,1620,5617,211,571,1892,1440,1365,2176,287,151,1045,7788,1723,124,4382,628,304,620,2702,847,1776,1485,259,212,2413,1779,1967,815,1352,1648,181,416,658,105,3596,1094,1729,1148,130,1896,1053,2091,2556,149,1738,1917,269,11932,3388,1921,1037,280,1888,2286,245,336,169,1371,2233,399,298,303,2995,962,1714,2462,335,3916,422,4125,360,1770,253,823,333,343,247,201,340,2084,2888,2198,131,1701,249,845,1453,350,263,207,1837,2403,2440,6334,1714,2873,1164,6563,1345,1758,2934,197,5082,3084,1936,502,5855,146,2376,3779,3050,191,3592,636,711,172,1063,1402,304,6278,286,2947,2385,3046,399,567,2400,142,3767,321,275,1765,1185,379,2989,3478,2142,1655,3757,1803,1431,219,2555,2316,751,264,3236,1377,2503,2137,1650,1548,100,586,408,2607,278,219,1748,231,3428,1257,1179,470,492,343,6408,440,3348,404,271,2204,3007,226,1018,204,375,1370,2788,1871,1379,298,648,2175,2455,2852,962,570,827,142,1840,1905,144,3443,177,1148,269,493,1797,191,140,326,231,2394,160,198,1694,1753,1382,1278,2524,347,252,289,1419,1942,179,0,154,1398,155,3055,191,311,2586,4632,184,641,1857,3390,900,1125,2752,4904,206,421,1668,1545,6111,1566,314,182,691,1413,267,201,219,2006,1273,2086,5168,75,1771,1379,1549,2701,282,2989
21_RUNX1,98,112,4665,3056,256,148,569,1744,3048,5171,1882,325,594,691,1860,570,2043,428,267,545,19172,2804,238,6104,342,510,471,4618,1618,1198,2267,1094,400,3200,1997,543,2872,233,194,271,445,1818,1032,275,3085,2367,4040,348,5719,394,2668,473,1504,389,4339,131,4102,1730,342,6988,494,200,478,5171,484,473,350,1198,7006,645,3597,2198,9577,272,3435,1138,747,291,1217,2612,2342,2142,1556,426,2969,2316,295,5527,3492,4095,1777,6355,218,3669,3295,1052,252,2337,358,401,94,1632,4559,266,3053,172,1920,454,2248,1515,467,4635,286,454,1699,1955,1037,1303,1013,414,2109,276,935,2634,2518,2010,2626,2980,189,665,604,468,953,15915,3054,2091,4443,4196,5303,327,573,595,202,1110,228,152,7948,313,4817,1869,169,773,1153,2210,311,4834,4000,224,5280,457,2160,1426,5784,399,5106,6251,368,510,3108,8713,5233,677,6617,6470,1971,1679,878,7007,589,1978,2076,4589,256,2800,1869,428,139,137,603,4488,5324,264,439,1864,432,977,6651,2034,372,275,4513,255,2326,330,128,3088,3504,270,5054,693,260,9573,675,6230,4461,291,1204,360,1575,2156,3251,1105,214,312,1143,471,3987,3527,323,4795,150,1830,3080,481,3302,871,231,2403,224,614,11388,2445,6623,1080,2366,3566,262,4249,3001,1445,7374,3813,2762,2339,2723,371,474,599,177,180,272,1177,1348,5303,2035,479,259,4217,1547,253,2863,508,616,480,328,3421,812,1191,6328,6542,3166,4124,1756,292,3939,570,471,273,587,2360,165,203,3130,582,3026,354,6071,526,4158,856,1106,153,1119,6236,3179,537,2116,1871,1633,1927,12483,731,10384,303,320,4658,196,536,2737,271,350,3193,4444,964,540,513,2206,2166,1910,1791,152,1959,459,283,526,1062,6962,219,2508,2829,1307,183,4621,385,1593,414,957,3879,2450,552,10227,214,2268,3678,3050,2065,282,264,297,2410,708,3552,6493,251,2087,981,743,3488,4104,2900,151,1165,1700,1547,353,5882,2906,4943,1122,3654,1775,2691,2936,376,361,215,11408,3959,526,4674,427,545,3308,434,3180,6434,1776,258,4117,1907,1262,998,1172,4588,302,2403,231,1623,6152,892,2139,406,402,2948,645,342,225,6146,3937,9933,2725,532,2031,4322,742,393,2617,291,2268,1294,5027,238,4438,1341,376,2236,212,3706,1812,870,1360,448,256,208,1945,296,2542,97,1658,214,224,3588,470,571,296,350,346,3182,1294,2410,2058,280,4656,4346,2195,7887,177,659,3361,1059,2857,3500,281,186,1617,17517,2676,115,5562,882,320,974,4083,1024,3842,1097,148,236,4018,3126,2516,541,691,512,135,538,384,324,4698,1538,2233,1441,151,4775,1221,3012,1974,515,2381,2411,629,20823,4516,3333,2105,423,2022,5789,299,610,329,1793,3608,659,398,509,5672,2590,3341,4192,385,4520,643,7562,489,1656,473,1519,405,541,266,384,256,2737,6163,3668,238,1485,190,731,2151,321,149,244,1771,2447,1764,8607,1870,5682,1825,5356,2717,2965,2005,223,8315,2650,2327,868,9572,134,2229,4659,6385,167,4899,1144,1331,340,1718,2418,257,9909,276,4075,2222,4472,495,622,3886,173,6393,343,352,2137,2609,137,4816,6006,2133,3173,5854,2332,3374,225,964,2773,1044,487,6308,1538,1905,2656,2381,1396,164,1021,331,4001,270,113,2486,191,3376,2001,1714,521,698,405,12907,639,2732,830,403,1547,6541,118,1389,440,247,1804,4494,3912,2355,392,865,3233,2603,3568,3034,759,796,218,3856,2578,190,2631,203,1439,385,556,3012,289,260,599,529,3243,233,284,2874,2853,2574,768,4246,413,209,397,2374,4897,258,5492,345,2641,159,3057,557,315,2767,5280,251,955,4705,5632,1576,1719,2655,5267,285,296,2298,1905,12102,2673,530,259,921,2363,834,258,343,1751,2728,2639,6008,140,2387,4285,2093,3699,239,3536
21_U2AF1,191,273,5671,2983,306,63,709,3358,339,4561,2251,307,582,1217,4371,563,2113,267,299,362,13763,5699,345,4371,328,413,421,4323,3491,1178,2340,3779,378,3099,2905,352,2998,320,132,1152,629,3893,664,329,3484,2520,1759,654,3864,540,3577,769,1005,392,2973,532,4638,65,442,5698,1039,344,482,4514,577,486,283,3818,7729,755,3005,1995,11302,236,6174,2492,468,418,1847,3545,2128,2162,2739,319,864,1956,355,3821,5780,2442,1600,5009,358,4707,3805,1788,252,3198,407,507,259,2611,4444,260,3238,289,2563,501,2234,2850,414,7590,374,336,3437,4838,1312,1622,2009,1173,4638,386,2385,2551,5208,2260,2320,1919,306,951,548,573,1002,14210,4202,3580,4572,3084,5360,348,811,867,513,3900,552,485,7527,514,5854,1833,238,2007,2361,3515,334,2440,3450,221,2884,227,1811,2247,5485,400,5419,8625,295,441,3513,5379,6779,634,4596,4655,2000,4324,887,5736,646,3707,2254,6669,340,1805,4123,474,518,330,1615,4467,9612,151,274,1538,1104,3947,3969,4045,502,519,3543,352,2444,300,457,2831,3216,379,3813,1015,302,10213,1368,8374,4261,28,2904,387,2703,1946,2794,648,432,491,1741,523,5861,3810,1691,3344,310,2669,2638,390,2894,1334,282,4207,170,607,8601,1820,6330,1256,3564,4124,213,10977,4104,1749,5946,3233,1656,3250,2571,402,539,389,182,448,300,1500,3051,6792,2950,1125,495,4735,3217,393,6848,1004,581,303,481,3084,933,2348,6852,5742,2875,2553,3141,355,4227,1411,523,331,353,3633,183,215,3425,363,4027,360,6198,409,4219,1151,1022,349,1783,3976,4131,630,1191,3032,1531,2120,13188,432,8902,345,754,5066,463,481,4359,616,290,4790,8655,1310,805,564,801,1543,1554,3893,277,1861,665,825,348,3729,6778,241,2840,3421,929,531,4483,437,1441,682,871,2966,2163,411,9595,531,5303,2857,2088,2675,309,283,429,2708,855,3580,6605,282,3441,1915,500,2838,4400,4018,176,2299,2130,4689,460,4582,1525,4816,2247,3349,1403,4107,5167,269,1559,348,5200,2270,1457,3716,479,537,5700,325,3625,3729,1059,330,6404,1984,2785,2888,2135,2315,519,3309,420,1865,7854,1776,3469,497,424,2641,933,1972,276,6144,3434,7284,3161,561,3042,2945,528,327,2631,125,3104,8981,5249,379,1670,3434,301,3237,355,3493,1641,737,3615,40,244,366,3400,373,3951,134,2963,427,74,5110,304,467,419,311,362,7328,3338,3634,4478,437,5010,2772,948,10785,186,767,4075,3529,1890,2754,272,181,1501,13512,2295,318,8371,1040,422,729,6752,1626,3010,1982,487,743,4518,2377,1837,2135,980,2107,324,710,1294,282,4404,1440,2660,2580,286,3044,1710,6935,3318,403,2861,2890,370,17147,6241,2697,1943,491,1412,3574,401,830,325,3318,3286,521,761,370,2064,1887,2801,4812,818,4749,975,6590,278,2528,467,894,486,816,450,278,415,3108,4296,2742,271,3141,220,1073,2371,409,160,396,2913,4604,3445,8084,2006,4280,1271,7175,3075,2136,4136,276,8954,4304,3029,1028,8965,257,4231,5310,4626,208,5027,1154,1070,376,1425,2125,465,8230,405,3816,3408,6131,634,1857,140,429,8724,531,564,3355,1655,249,3239,5889,3351,4826,7055,2579,3102,442,4105,3974,1355,561,5838,3099,2850,4547,3578,2405,263,718,498,4009,424,452,2223,463,5634,2765,1057,1112,900,336,10584,653,3626,470,651,3467,4390,252,2222,429,285,2669,4681,3115,3209,281,1072,2849,4177,5185,1857,1140,1476,278,2573,2481,341,4043,276,3127,538,1214,2441,227,410,398,326,4112,264,256,3692,2493,3505,1440,3689,625,391,313,1764,3487,203,3351,361,3216,338,4401,439,390,4157,5555,268,942,4803,3944,4296,2173,4667,7796,409,412,3734,3222,10661,1800,523,259,1094,2009,553,257,315,1861,1843,2614,8504,389,3042,2735,1833,3971,461,4937
